"","year","month","state","total.illnesses","avg.meantemp","avg.maxtemp","avg.mintemp","avg.prcp","avg.snow","avg.snowdepth","avg.lagmeantemp","avg.lagmintemp","avg.lagmaxtemp","avg.lagprcp","avg.lagsnow","avg.lagsdepth"
"1",2001,1,"Illinois",48,25.1,31.2,19,0,0,7,18.6,13.2,24,0,0,6.6
"2",2001,1,"Wisconsin",13,26,33,19,0.0075,0.15,8.75,29.125,22.75,35.5,0.005,0.05,7.75
"3",2001,2,"Illinois",6,25.5,32,19,0.045,0,0,28.375,23,33.75,0.045,0,0.5
"4",2001,3,"Illinois",24,39.25,50.25,28.25,0.0175,0,0,34.75,24.5,45,0.0175,0,0
"5",2001,4,"Illinois",51,52.25,62,42.5,0.15,0,0,48.25,37.5,59,0.15,0,0
"6",2001,5,"Illinois",173,65.9,75.6,56.2,0.05,0,0,66.2,56.4,76,0.05,0,0
"7",2001,5,"Iowa",21,60.75,69,52.25,0.5475,0,0,64,55,72.75,0.5475,0,0
"8",2001,6,"Illinois",9,73.375,81.25,65.5,0,0,0,67.25,60.25,74.25,0,0,0
"9",2001,6,"Iowa",60,70.25,80.5,59.5,0.02,0,0,65.75,55.5,75.75,0.02,0,0
"10",2001,6,"Wisconsin",21,64.6,71.6,57.2,0.188,0,0,59.2,52.2,66,0.188,0,0
"11",2001,7,"Illinois",453,76.25,83.25,69.25,0.4625,0,0,77.5,69.25,85.75,0.005,0,0
"12",2001,7,"Wisconsin",189,70.75,78.75,62.25,0.0225,0,0,73.25,63.5,82.5,0.0225,0,0
"13",2001,8,"Illinois",139,78.8,87.4,70.2,0.032,0,0,79,71.6,86.4,0.398,0,0
"14",2001,8,"Wisconsin",101,69.8,75.2,64,0.012,0,0,70,64.6,75,0.012,0,0
"15",2001,9,"Illinois",24,66.5,75,58,0.1575,0,0,69.5,60.5,78.5,0.1575,0,0
"16",2001,9,"Iowa",27,62.8,72.6,52.8,0.192,0,0,66.2,56.6,75.4,0.192,0,0
"17",2001,9,"Wisconsin",70,62,67.25,56.5,0.2525,0,0,65.5,59,71.5,0.2525,0,0
"18",2001,10,"Illinois",294,57.3,66.4,48.2,0.132,0,0,57.4,48.4,66.4,0.132,0,0
"19",2001,10,"Wisconsin",225,47.5,52.75,41.75,0.14,0,0,50.5,44.75,56,0.14,0,0
"20",2001,11,"Wisconsin",82,47.8,54.6,40.8,0.044,0,0,47.2,39.8,54.2,0.004,0,0
"21",2001,12,"Illinois",58,38.5,44,33,0.0975,0.125,0.25,44.75,39.25,50.25,0.13,0.05,0
"22",2001,12,"Iowa",22,31,40,22,0.012,0.04,0,36.4,28.4,44.2,0.012,0.04,0
"23",2001,12,"Wisconsin",26,30,34.25,25.5,0.0025,0.225,0.25,36.25,32.5,39.75,0.05,0,0
"24",2002,1,"Illinois",144,35.5,41.4,29.6,0.186,1.8,1.8,32,25.6,38.4,0.054,0.72,0.8
"25",2002,2,"Illinois",14,30.5,38,23,0.05,0,1.25,33.25,26.5,40,0.2175,1.425,2.5
"26",2002,3,"Illinois",52,40.625,49.25,32,0.005,0,0.5,37.25,30.25,44.25,0.005,0,0.75
"27",2002,3,"Iowa",24,26.6,34.4,19.6,0.02,0.02,1,27.6,19,37.2,0.002,0.02,1
"28",2002,4,"Illinois",21,55.375,66.5,44.25,0.1625,0,0,49.375,39.25,59.5,0.0425,0,0
"29",2002,4,"Wisconsin",121,44.75,53.75,35.5,0,0,0,44.75,35.75,53.5,0.0325,0,0
"30",2002,5,"Illinois",36,60.3,71.2,49.4,0.156,0,0,57.1,45,69.2,0.252,0,0
"31",2002,6,"Illinois",72,69.625,77.5,61.75,0.065,0,0,68.75,60.75,76.75,0.0025,0,0
"32",2002,6,"Iowa",5,75.4,85.8,64.2,0.08,0,0,71.4,59.4,82.6,0.08,0,0
"33",2002,6,"Wisconsin",19,67.25,75.75,58,0.1,0,0,67.5,59.25,75.25,0.1,0,0
"34",2002,7,"Illinois",29,80,87.8,72.2,0,0,0,78.6,71.2,86,0.05,0,0
"35",2002,7,"Wisconsin",116,69.75,77,61.75,0.3,0,0,69.5,61,77.25,0,0,0
"36",2002,8,"Illinois",260,73.625,80.75,66.5,0,0,0,76.5,68,85,0,0,0
"37",2002,8,"Iowa",47,74,83,64.25,0.0075,0,0,76.25,66.5,85.25,0.0075,0,0
"38",2002,8,"Wisconsin",41,70.4,77.4,62.8,0,0,0,71.8,64,79,0.24,0,0
"39",2002,9,"Wisconsin",28,65,72,57,0.015,0,0,68,59.5,75.5,0.015,0,0
"40",2002,10,"Illinois",30,52,57.4,46.6,0.04,0,0,55.4,48,62.8,0.04,0,0
"41",2002,10,"Wisconsin",33,51.75,60.25,43,0.245,0,0,54.75,44.75,64.25,0.1375,0,0
"42",2002,11,"Illinois",207,39.125,46,32.25,0,0,0.5,44.375,38.5,50.25,0,0,0
"43",2002,12,"Illinois",49,32.625,39.25,26,0.295,0.5,1.5,31.75,24,39.5,0.265,0,1
"44",2002,12,"Wisconsin",12,30,36.75,22.75,0.0025,0.025,0.5,33.25,27,39,0.0025,0.025,0.5
"45",2003,1,"Illinois",85,25.1,30.8,19.4,0,0,0.6,25.5,20,31,0.024,0.4,1
"46",2003,2,"Illinois",30,21.25,29.5,13,0,0,0,22.25,15,29.5,0,0,0.5
"47",2003,2,"Wisconsin",6,24.5,34,14.25,0,0,0.75,26,17.75,33.5,0.025,0.25,1
"48",2003,3,"Illinois",5,39.125,45.5,32.75,0.0875,0.65,1.5,32.125,27,37.25,0.0875,0.65,1.5
"49",2003,3,"Iowa",140,35.8,48.6,22.4,0,0,0.8,31.8,19.8,43.2,0.012,0.16,1.2
"50",2003,3,"Wisconsin",2,37.75,46.25,28.75,0.13,0.375,2.25,33.25,23.25,42.5,0.05,0.375,2.25
"51",2003,4,"Illinois",27,50.9,61.6,40.2,0.238,0,0,49.1,38,60.2,0,0,0
"52",2003,4,"Wisconsin",50,40.75,46.25,35,0.1625,0.075,0,40.75,34,47.25,0.2425,0.075,0
"53",2003,5,"Illinois",26,56.625,63,50.25,0.105,0,0,55.125,47.75,62.5,0.365,0,0
"54",2003,5,"Wisconsin",3,54.4,63,45.2,0.222,0,0,50.8,42.8,58.4,0.126,0,0
"55",2003,6,"Illinois",230,70.25,80,60.5,0.0875,0,0,65.5,56.5,74.5,0.125,0,0
"56",2003,6,"Iowa",126,71.4,80,62.2,0.022,0,0,69.4,59.2,79,0.022,0,0
"57",2003,6,"Wisconsin",3,62.75,72.75,51.75,0.0875,0,0,60.75,50.25,70.25,0.1325,0,0
"58",2003,7,"Illinois",198,71.4,80,62.8,0.024,0,0,73.6,65,82.2,0.024,0,0
"59",2003,7,"Wisconsin",88,71,79.5,61.75,0.0375,0,0,70.25,61,78.75,0.1125,0,0
"60",2003,8,"Illinois",112,76.625,85,68.25,0.0125,0,0,75.25,66.5,84,0.0125,0,0
"61",2003,8,"Wisconsin",14,74.4,81.8,66.4,0.016,0,0,74,65.2,82.2,0.012,0,0
"62",2003,9,"Illinois",112,69.625,79,60.25,0.0275,0,0,73.5,64,83,0,0,0
"63",2003,9,"Wisconsin",46,62,70,53.75,0.1475,0,0,66.25,57.75,74.5,0.0925,0,0
"64",2003,10,"Illinois",157,51.6,60.2,43,0.006,0,0,55.1,45.8,64.4,0.022,0,0
"65",2003,10,"Wisconsin",14,51.8,61.2,42,0.146,0,0,52.2,42.6,61.2,0.194,0,0
"66",2003,11,"Illinois",11,45.375,54.5,36.25,0,0,0,46.375,38,54.75,0.0075,0,0
"67",2003,11,"Wisconsin",8,37,44.5,29,0.0025,0.05,0,43.5,34,52.5,0,0,0
"68",2003,12,"Illinois",18,31.8,38,25.6,0.094,0.12,0.2,32.8,26.4,39.2,0.094,0.12,0.2
"69",2003,12,"Iowa",44,35.25,41,28.75,0,0,1.25,37.75,29,45.5,0,0,1.25
"70",2004,1,"Illinois",101,19.5,28,11,0,0,2.5,26.25,17.5,35,0,0,1.5
"71",2004,1,"Wisconsin",66,19.2,26.2,12,0.098,1.68,3.6,25.8,17.4,33.8,0.098,1.68,1.8
"72",2004,2,"Illinois",106,26,35.75,16.25,0,0,4.25,20.25,10.75,29.75,0,0,5.25
"73",2004,2,"Iowa",32,27,36.8,16.6,0.088,0.5,5.4,21.4,11.8,30.4,0.076,0.5,5.4
"74",2004,2,"Wisconsin",7,29.25,34.5,23.5,0.1,0.825,6,20.5,14.5,26.5,0.1,0.825,8.25
"75",2004,3,"Illinois",96,42,48.8,35.2,0.074,0.18,0.2,39.8,32.8,46.8,0.074,0.18,0.2
"76",2004,3,"Wisconsin",15,39.75,50.5,28.5,0.28,0,0,34.75,25,44,0.155,0,0
"77",2004,4,"Illinois",9,56.125,69,43.25,0.005,0,0,50.75,40.25,61.25,0.005,0,0
"78",2004,4,"Iowa",20,52.75,62,42.5,0.005,0,0,51.5,41.75,60.5,0.0075,0,0
"79",2004,5,"Illinois",50,62.625,72,53.25,0.14,0,0,63.875,52.5,75.25,0.14,0,0
"80",2004,5,"Wisconsin",21,50,55.75,43.75,0.6775,0,0,48,42.5,53,0.7025,0,0
"81",2004,6,"Illinois",122,70.8,80,61.6,0.036,0,0,68,59.4,76.6,0.036,0,0
"82",2004,6,"Wisconsin",46,59.5,68,50.5,0.0775,0,0,57.25,50.25,64,0.0775,0,0
"83",2004,7,"Illinois",60,72.875,80.25,65.5,0.1475,0,0,73.25,66.25,80.25,0.1475,0,0
"84",2004,7,"Wisconsin",31,67,73.2,60.4,0.048,0,0,64,56,71.4,0.048,0,0
"85",2004,8,"Illinois",29,68,72.5,63.5,0.2125,0,0,68.125,61.75,74.5,0.105,0,0
"86",2004,8,"Iowa",110,69.4,80,58.6,0.058,0,0,69.6,58.8,80,0.048,0,0
"87",2004,8,"Wisconsin",6,67.25,75,58.75,0.0575,0,0,66.25,58.25,73.75,0.0025,0,0
"88",2004,9,"Illinois",334,68.8,78,59.6,0.168,0,0,71.6,63.4,79.8,0.254,0,0
"89",2004,10,"Illinois",3,57.375,64.25,50.5,0.0025,0,0,56.75,49,64.5,0.0025,0,0
"90",2004,10,"Wisconsin",4,57.8,64.8,50.4,0.152,0,0,58,50,65.6,0.148,0,0
"91",2004,11,"Illinois",36,50,55.75,44.25,0.2675,0.475,0.5,55.375,50,60.75,0.08,0,0
"92",2004,11,"Iowa",225,38.5,45.75,30.75,0,0,0,42.5,33.25,51,0.01,0,0
"93",2004,12,"Illinois",32,28.8,33.8,23.8,0.008,0.14,0.4,29.6,24.6,34.6,0.158,0.52,0.8
"94",2004,12,"Wisconsin",75,27.2,34.6,19.6,0.066,0,0,26.6,20.2,32.8,0.078,0,0
"95",2005,1,"Illinois",12,33.75,41.25,26.25,0.3575,2.05,4.5,35.125,27.75,42.5,0.345,1.7,2.25
"96",2005,2,"Illinois",15,28.625,34,23.25,0.005,0.15,1.25,28.625,23.25,34,0.0175,0.5,3.5
"97",2005,3,"Wisconsin",8,31.5,36.5,25.75,0.0275,0.7,1.25,30.5,24.75,35.75,0.0325,0.85,1.75
"98",2005,4,"Illinois",18,54.5,65,44,0.0125,0,0,58.75,47.25,70.25,0.19,0,0
"99",2005,5,"Illinois",210,58.125,68.75,47.5,0.05,0,0,55.625,45.5,65.75,0.05,0,0
"100",2005,5,"Iowa",33,58.4,67.2,49.2,0.014,0,0,55.6,44.8,66,0,0,0
"101",2005,5,"Wisconsin",104,56.5,65,47.5,0.195,0,0,52,42.75,60.75,0.1625,0,0
"102",2005,6,"Illinois",11,74.4,82.8,66,0.012,0,0,69.7,60.6,78.8,0,0,0
"103",2005,6,"Iowa",45,74.5,84,64.25,0.1375,0,0,68.5,59,77.5,0.155,0,0
"104",2005,7,"Illinois",17,75.625,83.25,68,0.0775,0,0,79.125,71.75,86.5,0.09,0,0
"105",2005,7,"Wisconsin",62,70.2,77,63,0,0,0,73.6,65.2,81.6,0,0,0
"106",2005,8,"Illinois",14,76.1,83.8,68.4,0.054,0,0,75.7,68,83.4,0.056,0,0
"107",2005,8,"Wisconsin",17,48.53,81.5,67.75,0.085,0,0,53.3975,67,79.25,0.0825,0,0
"108",2005,9,"Illinois",33,72.125,82.25,62,0.185,0,0,74.125,65.5,82.75,0.0375,0,0
"109",2005,9,"Wisconsin",15,48.53,72.8,55.6,0.04,0,0,48.53,60,75,0.042,0,0
"110",2005,10,"Illinois",46,59.625,65.75,53.5,0,0,0,64,56.5,71.5,0.1475,0,0
"111",2005,10,"Iowa",82,64.2,64.2,45.6,0.02,0,0,67.2,48.6,67.2,0.012,0,0
"112",2005,10,"Wisconsin",13,48.53,57.5,42.5,0,0,0,48.53,45,62,0,0,0
"113",2005,11,"Illinois",16,39.6,48.6,30.6,0.026,0.22,0,43.6,33.6,53.6,0.026,0.22,0
"114",2005,11,"Iowa",67,50.5,50.5,40.75,0.0275,0,0,52,39.75,52,0.0125,0,0
"115",2005,12,"Illinois",109,23.125,28,18.25,0.0275,0.05,3,20.125,15.5,24.75,0.0125,0.05,3
"116",2006,1,"Illinois",155,34.625,39.5,29.75,0.02,0,0,36.125,31.75,40.5,0.035,0,0
"117",2006,2,"Illinois",11,36,43,29,0.05,0.25,0.25,34.375,28.5,40.25,0.05,0.25,0.25
"118",2006,2,"Wisconsin",28,48.53,34.75,17.5,0.02,0.125,0.75,48.53,22,35.75,0.02,0.125,0.5
"119",2006,3,"Illinois",232,40.3,48.4,32.2,0.048,0,0,38.7,29.8,47.6,0.048,0,0
"120",2006,4,"Illinois",58,55.875,67.25,44.5,0.025,0,0,55.25,46.25,64.25,0.025,0,0
"121",2006,5,"Illinois",21,66,76,56,0.222,0,0,61,49.4,72.6,0.222,0,0
"122",2006,5,"Iowa",53,72,72,53,0.0025,0,0,63.5,48.25,63.5,0.2575,0,0
"123",2006,5,"Wisconsin",58,48.53,58.25,44,0.0725,0,0,48.53,40.75,52.5,0.0725,0,0
"124",2006,6,"Illinois",61,72.5,81.75,63.25,0.0875,0,0,73.75,65,82.5,0.025,0,0
"125",2006,6,"Wisconsin",3,48.53,74.6,59.2,0,0,0,48.53,57.2,74.2,0,0,0
"126",2006,7,"Illinois",219,76.125,83,69.25,0.06,0,0,73.375,65.75,81,0.115,0,0
"127",2006,8,"Illinois",72,76.6,84.8,68.4,0.246,0,0,78.5,70.2,86.8,0.252,0,0
"128",2006,8,"Wisconsin",28,48.53,78.25,66.5,0.0225,0,0,48.53,66,81.5,0.0025,0,0
"129",2006,9,"Illinois",88,61.25,68.5,54,0.2725,0,0,63.625,57,70.25,0.27,0,0
"130",2006,9,"Iowa",4,72,72,54.75,0.6975,0,0,74,58.25,74,0.725,0,0
"131",2006,10,"Illinois",17,51.875,61.75,42,0.1925,0,0,56.625,47.5,65.75,0.195,0,0
"132",2006,10,"Iowa",20,66.2,66.2,41,0.026,0,0,66.4,44.8,66.4,0.026,0,0
"133",2006,11,"Illinois",48,47.3,55.4,39.2,0.264,0,0,45,36.8,53.2,0.002,0,0
"134",2006,11,"Wisconsin",4,48.53,46,30,0.18,0,0,48.53,32.25,42.75,0.18,0,0
"135",2006,12,"Illinois",41,35.875,42,29.75,0.0775,0,0.5,40.125,32.5,47.75,0.405,0,0.5
"136",2006,12,"Iowa",20,42.4,42.4,24.8,0.224,0.2,0,44.6,27.8,44.6,0.002,0,0
"137",2006,12,"Wisconsin",23,48.53,36.8,25.2,0.414,2.02,1.6,48.53,24.6,40.2,0.414,2.02,1.6
"138",2007,1,"Illinois",51,26,32.2,19.8,0,0.02,0,30.7,25.2,36.2,0,0,0
"139",2007,1,"Iowa",24,26.25,26.25,16,0.1325,2.075,2.75,36,23.5,36,0.4125,2.325,1.75
"140",2007,1,"Wisconsin",10,48.53,40.75,25.25,0.0025,0,1.5,48.53,28.75,40.75,0.0025,0,0.75
"141",2007,2,"Illinois",47,22.5,29.75,15.25,0.0075,0.575,4,17.25,9,25.5,0.0075,0.6,3.75
"142",2007,2,"Iowa",10,27.25,27.25,10.75,0.08,0.825,5,21.75,4,21.75,0,0,5
"143",2007,3,"Illinois",2,43.875,53.25,34.5,0.3625,0.025,0,40.125,30.75,49.5,0.275,0.025,0.25
"144",2007,4,"Illinois",118,40.75,45.25,36.25,0.6875,0.475,0.25,40.625,35.75,45.5,0.4125,0.475,0.25
"145",2007,4,"Iowa",70,66.6,66.6,41,0.05,0,0,65.4,42.4,65.4,0.05,0,0
"146",2007,4,"Wisconsin",53,48.53,49.75,34.25,0,0,0,48.53,33,48.5,0.01,0,0
"147",2007,5,"Illinois",17,66.5,75.6,57.4,0.036,0,0,60.3,52.6,68,0.326,0,0
"148",2007,5,"Iowa",28,76.5,76.5,56.25,0.395,0,0,80.25,57,80.25,0.395,0,0
"149",2007,5,"Wisconsin",458,48.53,64.5,46.75,0,0,0,48.53,45,61.25,0,0,0
"150",2007,6,"Iowa",306,79.75,79.75,63,0,0,0,79.75,59.25,79.75,0,0,0
"151",2007,7,"Illinois",84,74.875,82.5,67.25,0.485,0,0,75.875,67.5,84.25,0.5125,0,0
"152",2007,7,"Wisconsin",16,48.53,75,61.25,0.0525,0,0,48.53,57.25,71.75,0,0,0
"153",2007,8,"Illinois",54,79.1,87.4,70.8,0.326,0,0,78.9,71,86.8,0.326,0,0
"154",2007,8,"Iowa",34,87,87,70.5,0.1925,0,0,87.75,72.5,87.75,0.1925,0,0
"155",2007,8,"Wisconsin",73,48.53,79,64,0.008,0,0,48.53,66.6,79.8,0.05,0,0
"156",2007,9,"Illinois",34,68.875,77.5,60.25,0.0525,0,0,72.875,63.75,82,0,0,0
"157",2007,9,"Wisconsin",11,48.53,75.25,53.75,0.02,0,0,48.53,54.75,77.75,0.02,0,0
"158",2007,10,"Illinois",66,55.8,63.4,48.2,0.018,0,0,57.5,50.6,64.4,0.06,0,0
"159",2007,10,"Iowa",3,70.25,70.25,52,0.5375,0,0,75.5,58.75,75.5,0.6,0,0
"160",2007,10,"Wisconsin",101,48.53,62.75,51.5,0.01,0,0,48.53,51.25,64.75,0.005,0,0
"161",2007,11,"Illinois",42,40.625,48.25,33,0.34,0,0,44.375,37,51.75,0.34,0,0
"162",2007,11,"Wisconsin",43,48.53,41.2,26,0,0,0,48.53,32.8,46.2,0.004,0,0
"163",2007,12,"Illinois",64,29.5,36.5,22.5,0.05,0.55,2.5,29.75,22,37.5,0.045,0.55,2.5
"164",2007,12,"Wisconsin",41,48.53,31.75,24.5,0.1025,1.475,5.5,48.53,22,31.5,0.005,0.1,5.25
"165",2008,1,"Illinois",47,19,25.8,12.2,0.01,0.18,1.6,25.2,18.2,32.2,0.014,0.18,1.2
"166",2008,2,"Illinois",12,20.125,25.75,14.5,0.2,0.975,3.5,16.5,10.25,22.75,0.2,0.975,3
"167",2008,2,"Wisconsin",30,48.53,30,19.8,0.084,1.34,9.6,48.53,14.8,26,0.054,1.02,8.2
"168",2008,3,"Illinois",41,37.125,45,29.25,0,0,0,31.75,25.25,38.25,0,0,1
"169",2008,3,"Wisconsin",10,48.53,35,25,0.2425,2.875,3,48.53,24.5,35.75,0.2875,3.475,4.5
"170",2008,4,"Illinois",64,50.8,61.4,40.2,0,0,0,49.8,39.6,60,0,0,0
"171",2008,4,"Iowa",12,58.5,58.5,38,0.0075,0,0,58,39.75,58,0.005,0,0
"172",2008,4,"Wisconsin",4,48.53,59.25,41,0.32,0,0,48.53,36.25,48.5,0.02,0,1
"173",2008,5,"Illinois",19,55.5,64.5,46.5,0.16,0,0,54,44,64,0.16,0,0
"174",2008,5,"Iowa",6,72,72,46,0.1925,0,0,64.25,40.5,64.25,0.0075,0,0
"175",2008,6,"Illinois",108,71,79.5,62.5,0.1825,0,0,66,57,75,0.1325,0,0
"176",2008,6,"Wisconsin",6,48.53,82,63.25,0.2425,0,0,48.53,58.5,80.75,0.505,0,0
"177",2008,7,"Illinois",55,77,87,67,0.046,0,0,75.4,66,84.8,0.086,0,0
"178",2008,7,"Wisconsin",45,48.53,78.25,62,0.0775,0,0,48.53,63.75,78.75,0.1625,0,0
"179",2008,8,"Illinois",64,73,81,65,0.01,0,0,75.5,68,83,0.01,0,0
"180",2008,8,"Iowa",85,83.8,83.8,63.4,0,0,0,84.4,64.6,84.4,0.28,0,0
"181",2008,8,"Wisconsin",200,48.53,80.4,64.6,0.002,0,0,48.53,64.4,80.2,0.002,0,0
"182",2008,9,"Illinois",131,69,78.5,59.5,0,0,0,68.75,59,78.5,0,0,0
"183",2008,10,"Illinois",30,51.5,58.8,44.2,0.09,0,0,57.5,50,65,0.09,0,0
"184",2008,10,"Iowa",5,70.75,70.75,51.75,0,0,0,74.75,56.75,74.75,0,0,0
"185",2008,10,"Wisconsin",77,48.53,59.6,43.4,0.082,0,0,48.53,44.8,60.6,0.082,0,0
"186",2008,11,"Illinois",24,43.625,51.5,35.75,0.0175,0,0,45.875,38,53.75,0.0175,0,0
"187",2008,11,"Iowa",10,48.2,48.2,29.6,0.06,0.6,0.4,52.6,31.6,52.6,0,0,0
"188",2008,11,"Wisconsin",152,48.53,42.25,29.75,0.03,0,0,48.53,36,49.75,0.03,0,0
"189",2008,12,"Illinois",23,22.5,30,15,0.072,0.12,2.2,25.2,17.2,33.2,0.072,0.12,2.2
"190",2008,12,"Wisconsin",62,48.53,30.5,16.25,0.1975,2.9,6.25,48.53,15.25,28,0.1875,2.9,3.25
"191",2009,1,"Illinois",57,16.5,23.5,9.5,0.0925,1.55,6,17.25,9.5,25,0.0675,1.175,4.25
"192",2009,1,"Iowa",27,25.25,25.25,12.75,0.0425,0.925,4.75,30.75,16,30.75,0.005,0.075,3
"193",2009,1,"Wisconsin",235,48.53,21.4,6.6,0.058,0.6,3.8,48.53,11,28.6,0.066,0.6,5.2
"194",2009,2,"Illinois",8,32.125,41,23.25,0.3,0.15,1.25,25.125,18,32.25,0.325,0.525,3
"195",2009,2,"Wisconsin",176,48.53,32.75,17,0.0275,0.3,1,48.53,13.75,28.75,0.0225,0.3,2.25
"196",2009,3,"Illinois",25,39.125,46.5,31.75,0,0,0,39,30.25,47.75,0,0,0
"197",2009,3,"Wisconsin",118,48.53,43.25,25.75,0,0,0,48.53,23.25,40.5,0.005,0,0
"198",2009,4,"Illinois",29,47.6,56.4,38.8,0.008,0,0,46.4,37.4,55.4,0,0,0
"199",2009,4,"Iowa",23,58.5,58.5,41.75,0.76,0.325,0,52,36,52,0.09,0.325,0
"200",2009,4,"Wisconsin",67,48.53,60.75,36.5,0.0175,0,0,48.53,32.75,50.25,0.0175,0,0
"201",2009,5,"Illinois",23,66.875,76.5,57.25,0.51,0,0,63,54.5,71.5,0.52,0,0
"202",2009,5,"Iowa",4,71.4,71.4,50,0.012,0,0,70.2,49.6,70.2,0.536,0,0
"203",2009,5,"Wisconsin",79,48.53,65.4,49.8,0.094,0,0,48.53,48.4,68.8,0.094,0,0
"204",2009,6,"Illinois",146,66.625,73.5,59.75,0.0325,0,0,62.5,56,69,0.015,0,0
"205",2009,6,"Wisconsin",14,48.53,77.25,57.25,0.5625,0,0,48.53,54.25,74.5,0.5625,0,0
"206",2009,7,"Wisconsin",7,48.53,77.8,60.8,0,0,0,48.53,61.8,77.2,0,0,0
"207",2009,8,"Illinois",163,71.375,78.5,64.25,0.3325,0,0,72.5,64.75,80.25,0.1525,0,0
"208",2009,8,"Iowa",25,80.6,80.6,59.2,0.192,0,0,84.4,61.6,84.4,0.192,0,0
"209",2009,8,"Wisconsin",52,48.53,74.75,61,0.205,0,0,48.53,61,78.25,0.19,0,0
"210",2009,9,"Illinois",56,65.2,71.6,58.8,0,0,0,67.9,62,73.8,0.144,0,0
"211",2009,9,"Wisconsin",44,48.53,72.5,56.75,0.0625,0,0,48.53,55.75,71.75,0.015,0,0
"212",2009,10,"Illinois",26,53.5,59,48,0.0125,0,0,53.625,47.5,59.75,0.0125,0,0
"213",2009,10,"Wisconsin",72,48.53,55.4,42.6,0.492,0,0,48.53,45.6,55.8,0.402,0,0
"214",2009,11,"Illinois",8,45.5,51.25,39.75,0.11,0,0,48.25,43,53.5,0.0775,0,0
"215",2009,11,"Wisconsin",60,48.53,52.75,38.75,0,0,0,48.53,43,59.5,0.175,0,0
"216",2009,12,"Illinois",15,26.9,33.6,20.2,0.14,0.46,1.4,30.6,24,37.2,0.152,0.26,0.8
"217",2009,12,"Iowa",11,31.75,31.75,20.25,0.0625,1.175,7.25,35,26,35,0.0375,0.625,4.25
"218",2009,12,"Wisconsin",125,48.53,31.25,19.5,0.24,0,1,48.53,21.25,31,0,0,0.5
"219",2010,1,"Illinois",15,22.375,28.5,16.25,0.015,0.125,2,24.25,18.25,30.25,0.0275,0.25,2.5
"220",2010,1,"Wisconsin",17,48.53,25.4,16.8,0.002,0.12,3.2,48.53,20.8,30.4,0.194,0.12,3.6
"221",2010,2,"Illinois",330,26.5,30.75,22.25,0.0425,0.85,4,24.375,19.5,29.25,0.0225,0.4,3
"222",2010,2,"Wisconsin",104,48.53,34.25,20.5,0,0,4.75,48.53,16.75,30,0,0,3.25
"223",2010,3,"Illinois",9,49.2,59.2,39.2,0.02,0,0.2,41.5,33.2,49.8,0.04,0.46,1.2
"224",2010,3,"Iowa",42,50.25,50.25,35.5,0.0075,0,2.5,44.75,28.75,44.75,0.0075,0,6
"225",2010,3,"Wisconsin",48,48.53,45.5,31,0.0175,0,1,48.53,28.75,45.75,0.0175,0,2.5
"226",2010,4,"Illinois",133,53.25,65.25,41.25,0.195,0,0,57,45.25,68.75,0.195,0,0
"227",2010,4,"Wisconsin",59,48.53,67.2,43.8,0.03,0,0,48.53,38.6,57.8,0,0,0
"228",2010,5,"Illinois",18,62.75,71,54.5,0.0375,0,0,55.75,46,65.5,0.0375,0,0
"229",2010,5,"Wisconsin",29,48.53,62.75,50,0.2675,0,0,48.53,49,65.25,0.305,0,0
"230",2010,6,"Illinois",100,72.2,81.4,63,0.46,0,0,74.3,65.4,83.2,0.46,0,0
"231",2010,6,"Iowa",72,81.25,81.25,64.5,0.6,0,0,82.75,63.25,82.75,0.1875,0,0
"232",2010,6,"Wisconsin",7,48.53,85.5,61.75,0.125,0,0,48.53,60,82,0.125,0,0
"233",2010,7,"Illinois",68,82.5,91.5,73.5,0.035,0,0,78.125,68.5,87.75,0.025,0,0
"234",2010,7,"Iowa",27,84.5,84.5,69.25,0.57,0,0,84,69.75,84,1.0175,0,0
"235",2010,7,"Wisconsin",27,48.53,84.6,66.6,0.044,0,0,48.53,67,85.8,0.044,0,0
"236",2010,8,"Illinois",56,76.125,83.5,68.75,0.11,0,0,79.375,72.25,86.5,0.12,0,0
"237",2010,8,"Iowa",76,89.8,89.8,69.2,0.484,0,0,88.6,69,88.6,0.484,0,0
"238",2010,8,"Wisconsin",35,48.53,85.75,66.25,0.18,0,0,48.53,66.75,84.25,0.18,0,0
"239",2010,9,"Illinois",2,67.6,75.4,59.8,0.034,0,0,69.2,62.4,76,0.034,0,0
"240",2010,9,"Iowa",17,73.75,73.75,52.25,0.045,0,0,79.75,58,79.75,0.045,0,0
"241",2010,9,"Wisconsin",109,48.53,70.25,53.5,0.0025,0,0,48.53,54,71.25,0,0,0
"242",2010,10,"Illinois",29,57.25,69,45.5,0.05,0,0,59.5,47.25,71.75,0.05,0,0
"243",2010,10,"Iowa",10,66.2,66.2,45.6,0,0,0,69.2,47,69.2,0,0,0
"244",2010,10,"Wisconsin",127,48.53,65.8,39.8,0.006,0,0,48.53,45.2,71.6,0.008,0,0
"245",2010,11,"Illinois",21,44.125,52.5,35.75,0.09,0,0,49.25,39.75,58.75,0.0025,0,0
"246",2010,11,"Iowa",30,57.5,57.5,35,0.0075,0,0,56.25,36.25,56.25,0.0075,0,0
"247",2010,11,"Wisconsin",32,48.53,42.75,31.25,0,0,0,48.53,34.5,47.5,0,0,0
"248",2010,12,"Illinois",40,22.4,29.8,15,0.01,0.04,2.4,23.6,16.8,30.4,0.07,0.04,1.6
"249",2010,12,"Wisconsin",429,48.53,35.8,25.2,0.002,0,0.6,48.53,19.6,31.4,0,0,0.6
"250",2011,1,"Illinois",29,23.25,29,17.5,0,0,1.5,24.125,17.25,31,0.0125,0,2.25
"251",2011,1,"Iowa",24,24.4,24.4,6.2,0.004,0.06,3.6,22.2,6.2,22.2,0.004,0.1,3.8
"252",2011,1,"Wisconsin",362,48.53,21,12,0.0275,0.45,3.5,48.53,17.5,26.75,0.03,0.45,1.75
"253",2011,2,"Illinois",45,24.5,31,18,0.135,2.3,11.25,23.25,16.75,29.75,0.1125,2.25,11.5
"254",2011,2,"Iowa",34,41.75,41.75,29,0.0675,0.275,4.75,40.25,26.5,40.25,0.0675,0.275,5.75
"255",2011,2,"Wisconsin",115,48.53,34,16.25,0.0175,0.25,8,48.53,16.25,33.5,0.0025,0.05,9
"256",2011,3,"Illinois",20,39.6,48.2,31,0.124,0.02,0,37.7,29.6,45.8,0.142,0.06,0
"257",2011,3,"Iowa",20,44.75,44.75,29.75,0.03,0,0,43.25,29,43.25,0.03,0,0.25
"258",2011,3,"Wisconsin",291,48.53,41.5,28.25,0.1325,0.075,0.25,48.53,29.25,41.25,0.145,0.225,1
"259",2011,4,"Illinois",42,47.875,55.75,40,0.0825,0,0,45.125,36.75,53.5,0,0,0
"260",2011,4,"Iowa",44,71.75,71.75,41.5,0.0375,0,0,67,38.75,67,0.0375,0,0
"261",2011,4,"Wisconsin",178,48.53,47.2,36.6,0.448,0,0,48.53,33,42.6,0.45,0.04,0
"262",2011,5,"Illinois",21,60.375,70.25,50.5,0.75,0,0,57.375,49.5,65.25,0.2575,0,0
"263",2011,5,"Wisconsin",25,48.53,64.5,44.75,0,0,0,48.53,44.25,64.25,0,0,0
"264",2011,6,"Illinois",61,72.1,81,63.2,0.314,0,0,70.1,60.2,80,0.774,0,0
"265",2011,6,"Iowa",11,81.25,81.25,65,0.22,0,0,80.5,64,80.5,0.1975,0,0
"266",2011,6,"Wisconsin",16,48.53,68.25,51.75,0.065,0,0,48.53,47.5,65.25,0.065,0,0
"267",2011,7,"Illinois",23,79.875,88.25,71.5,0.1175,0,0,77.25,69.25,85.25,0,0,0
"268",2011,7,"Iowa",10,89.8,89.8,73.8,0,0,0,87.4,71.8,87.4,0.128,0,0
"269",2011,7,"Wisconsin",39,48.53,83.8,66.6,0.068,0,0,48.53,63.8,81.2,0.068,0,0
"270",2011,8,"Illinois",22,76.4,85.8,67,0.02,0,0,77.4,68.4,86.4,0.094,0,0
"271",2011,8,"Wisconsin",42,48.53,81.25,62.25,0,0,0,48.53,65.75,81.75,0,0,0
"272",2011,9,"Illinois",31,60.25,66.5,54,0.05,0,0,64.875,57,72.75,0.0375,0,0
"273",2011,9,"Wisconsin",98,48.53,68.4,53.8,0.004,0,0,48.53,56.4,72.8,0,0,0
"274",2011,10,"Illinois",53,57.25,65,49.5,0.215,0,0,59.375,51.25,67.5,0.2525,0,0
"275",2011,10,"Iowa",25,70.6,70.6,44.8,0,0,0,72.6,45.6,72.6,0,0,0
"276",2011,10,"Wisconsin",16,48.53,62.25,43.25,0,0,0,48.53,45.5,63.25,0.005,0,0
"277",2011,11,"Illinois",41,44.3,53.6,35,0.06,0,0,47.4,39.2,55.6,0.06,0,0
"278",2011,11,"Iowa",80,47.5,47.5,34.5,0,0,0,52.5,36,52.5,0,0,0
"279",2011,11,"Wisconsin",267,48.53,49,33.75,0,0,0,48.53,31.75,49.5,0,0,0
"280",2011,12,"Illinois",31,36.625,41.75,31.5,0.3375,0,0,38.625,32.5,44.75,0.3375,0,0
"281",2011,12,"Iowa",88,44.5,44.5,25.5,0.0025,0.025,0,42,27,42,0.0025,0.025,0
"282",2011,12,"Wisconsin",123,48.53,34,23.4,0.132,0.04,0,48.53,26.6,36.6,0,0.04,0
"283",2012,1,"Illinois",17,31,38.75,23.25,0,0,0,30.25,22.5,38,0,0,0
"284",2012,1,"Iowa",10,41.4,41.4,24,0.04,0,0.4,43.6,24,43.6,0.04,0,0.4
"285",2012,1,"Wisconsin",282,48.53,32.25,21.5,0.075,0.675,2.25,48.53,20.5,31.75,0.24,0.65,2.25
"286",2012,2,"Illinois",7,38.6,45.6,31.6,0.082,0,0,35,29.4,40.6,0.03,0,0
"287",2012,2,"Iowa",140,40,40,19.75,0,0,2,35.75,19.25,35.75,0,0,1.5
"288",2012,2,"Wisconsin",234,48.53,36.25,23.5,0.1375,1.675,1.25,48.53,24.5,38,0.0125,0.525,0
"289",2012,3,"Illinois",6,65.25,75.75,54.75,0,0,0,63,52.25,73.75,0.065,0,0
"290",2012,3,"Iowa",13,62.5,62.5,42.75,0.0975,0.05,0,56.5,37.5,56.5,0.0975,0.05,0.5
"291",2012,3,"Wisconsin",110,48.53,45.6,37.2,0.354,0.84,0,48.53,35.2,44.4,0.378,1.78,1
"292",2012,4,"Illinois",76,51.625,60.75,42.5,0.0225,0,0,51.75,41.25,62.25,0.0125,0,0
"293",2012,4,"Wisconsin",175,48.53,49.5,34.5,0.0575,0,0,48.53,35.5,47.75,0.1525,0,0
"294",2012,5,"Illinois",13,61.3,70.8,51.8,0,0,0,60.3,51.2,69.4,0.008,0,0
"295",2012,5,"Iowa",6,81,81,60.5,0.3075,0,0,70.75,53.5,70.75,0.3475,0,0
"296",2012,5,"Wisconsin",49,48.53,75,52,0.0025,0,0,48.53,45,68,0,0,0
"297",2012,6,"Illinois",8,73,82.75,63.25,0,0,0,68.875,60.5,77.25,0,0,0
"298",2012,6,"Iowa",34,88.5,88.5,64,0.015,0,0,89,65.25,89,0.015,0,0
"299",2012,6,"Wisconsin",27,48.53,79.8,59.6,0.002,0,0,48.53,58.2,77.8,0.004,0,0
"300",2012,7,"Illinois",285,84.5,95.25,73.75,0.535,0,0,82,71.25,92.75,0.535,0,0
"301",2012,7,"Iowa",4,96.6,96.6,72.6,0.032,0,0,95.2,72.6,95.2,0,0,0
"302",2012,7,"Wisconsin",404,48.53,85,69.75,0.27,0,0,48.53,69.75,86.5,0.18,0,0
"303",2012,8,"Illinois",106,77,85.8,68.2,0.006,0,0,79.1,69,89.2,0.006,0,0
"304",2012,8,"Iowa",52,80.5,80.5,62.25,0.075,0,0,82.5,62.25,82.5,0.0475,0,0
"305",2012,8,"Wisconsin",36,48.53,82.4,65.2,0.004,0,0,48.53,65.2,80,0.076,0,0
"306",2012,9,"Illinois",17,68.375,79,57.75,0.0175,0,0,72,61.25,82.75,0.0175,0,0
"307",2012,9,"Wisconsin",66,48.53,68.5,51.25,0.0725,0,0,48.53,56,75.5,0.0725,0,0
"308",2012,10,"Illinois",69,56.7,63.8,49.6,0.108,0,0,60.8,53.8,67.8,0.108,0,0
"309",2012,10,"Iowa",31,62.5,62.5,38,0.0475,0,0,71.25,43,71.25,0.0475,0,0
"310",2012,10,"Wisconsin",175,48.53,50.25,38,0,0,0,48.53,41.25,54,0,0,0
"311",2012,11,"Illinois",43,40.875,48.5,33.25,0.005,0,0,42.375,35.25,49.5,0.005,0,0
"312",2012,11,"Iowa",27,55,55,34.5,0.2775,0,0,57.5,34,57.5,0.2775,0,0
"313",2012,11,"Wisconsin",187,48.53,45.6,32.6,0,0,0,48.53,31.8,46.6,0,0,0
"314",2012,12,"Illinois",26,35.375,41,29.75,0.015,0,0,36.625,29.25,44,0.015,0,0
"315",2012,12,"Iowa",87,38.4,38.4,23.4,0.044,0.16,2.8,38.4,28.2,38.4,0.044,0.16,1.4
"316",2012,12,"Wisconsin",379,48.53,38.5,27,0.0025,0.125,0.75,48.53,30,41.25,0,0.05,0.5
"317",2013,1,"Illinois",106,27.5,37.4,17.6,0.084,0.16,0.2,26.8,19.2,34.4,0.002,0.06,0
"318",2013,1,"Iowa",53,27.5,27.5,16,0.0575,0.25,1.25,27,10.5,27,0.0075,0.25,3
"319",2013,1,"Wisconsin",153,48.53,37,20.5,0.0825,0.25,0.75,48.53,23.25,39,0.0725,0.075,0.75
"320",2013,2,"Illinois",112,28.25,36.25,20.25,0.025,0.15,1,28.375,17.25,39.5,0.1025,0.125,0.75
"321",2013,2,"Iowa",18,44,44,22,0.015,0,2,44.25,26,44.25,0.065,0,1
"322",2013,2,"Wisconsin",220,48.53,24.25,14.75,0.085,1.475,3.25,48.53,12.75,22.5,0.025,0.55,2.5
"323",2013,3,"Illinois",21,29.375,35,23.75,0.0025,0.05,2.25,28.625,24.5,32.75,0.0275,0.2,2.75
"324",2013,3,"Iowa",38,40.8,40.8,27.6,0.132,0.86,1.6,38,24.2,38,0.132,0.86,2.4
"325",2013,3,"Wisconsin",60,48.53,36.6,23.4,0.01,0.14,3.8,48.53,22.6,33.2,0.068,1.08,4.6
"326",2013,4,"Illinois",67,41.125,47,35.25,0.9875,0,0,39.5,33.75,45.25,0.985,0,0
"327",2013,4,"Iowa",26,53.75,71.25,42,0.075,0,0,66,39,66,0.075,0,0
"328",2013,4,"Wisconsin",146,42.5,48.5,34.25,0.015,0.05,0,41.8825,32.25,43.75,0.015,0.05,0
"329",2013,5,"Illinois",102,69.8,80.8,58.8,0.12,0,0,63.4,53,73.8,0.118,0,0
"330",2013,5,"Wisconsin",120,49.8,55,44.8,0.296,0,0,45.8,39.8,52.6,0.274,0,0
"331",2013,6,"Illinois",29,70.25,80,60.5,0.225,0,0,70.625,60,81.25,0.1825,0,0
"332",2013,6,"Iowa",41,70.2,78.4,62.4,0.102,0,0,67.2,60.6,75,0.202,0,0
"333",2013,6,"Wisconsin",104,65,72.75,57.75,0.235,0,0,64.75,57.25,72.75,0.2475,0,0
"334",2013,7,"Iowa",13,75,84.75,64.25,0.045,0,0,76.5,67,85.5,0.045,0,0
"335",2013,7,"Wisconsin",57,74.75,82,66.25,0.0675,0,0,75.5,66.5,84,0.015,0,0
"336",2013,8,"Illinois",21,75.5,84.25,66.75,0.02,0,0,73.25,64.75,81.75,0.085,0,0
"337",2013,8,"Iowa",4,76,87.75,64.5,0.055,0,0,71.25,59,83.25,0.055,0,0
"338",2013,8,"Wisconsin",103,71,82.2,61.8,0.09,0,0,69.4,60.8,77.6,0.144,0,0
"339",2013,9,"Illinois",92,72.75,82.75,62.75,0.2,0,0,76.375,66.75,86,0.2,0,0
"340",2013,9,"Iowa",366,70.4,80.6,59.8,0.042,0,0,75.2,65,84.8,0.042,0,0
"341",2013,9,"Wisconsin",33,64,73.75,53,0,0,0,68,57.5,79,0,0,0
"342",2013,10,"Illinois",30,55.2,62,48.4,0.318,0,0,56.8,50,63.6,0,0,0
"343",2013,10,"Iowa",53,48.5,61.25,38,0.035,0,0,52.75,42.5,64,0.035,0,0
"344",2013,10,"Wisconsin",83,52.75,60,45.75,0.0125,0,0,58,50.25,65.75,0.0125,0,0
"345",2013,11,"Illinois",27,33.875,42.75,25,0.315,0,0,42.25,33.25,51.25,0.7125,0,0
"346",2013,11,"Wisconsin",107,38,44.8,30.6,0.018,0,0,41.2,33.8,48.4,0.018,0,0
"347",2013,12,"Illinois",84,27,34.75,19.25,0.0275,0.575,1.75,26.75,18.25,35.25,0.01,0.225,1.5
"348",2013,12,"Iowa",28,21.8,27.6,11.8,0.114,2.08,1.42,20.8,12.6,27.8,0.114,2.08,1.42
"349",2014,1,"Illinois",119,12.8,19.8,5.8,0.048,0.9,5.6,14.9,9.2,20.6,0.062,1.18,4.8
"350",2014,1,"Iowa",22,27.25,40.75,8.75,0,0,1.375,23,8,35.25,0,0,1.375
"351",2014,1,"Wisconsin",221,14.8,25.8,6.6,0.104,0.34,7.5,16.2,7.6,29.4,0.104,0.34,7.5
"352",2014,2,"Illinois",8,19.625,28.25,11,0.0925,1.45,9,20.125,11,29.25,0.0925,1.45,9.5
"353",2014,2,"Wisconsin",272,16,25,7.25,0.0225,0.25,9.325,18.75,10.25,23.75,0.02,0.225,9.625
"354",2014,3,"Illinois",65,29,36,22,0.265,1.575,2.75,24.5,18,31,0.265,1.575,3.5
"355",2014,3,"Wisconsin",221,35.75,47,28.25,0.0425,0.05,2.75,27.5,19.75,41,0.0075,0.05,4.725
"356",2014,4,"Illinois",53,45,52.8,37.2,0.018,0,0,40.7,31.4,50,0.004,0,0
"357",2014,4,"Iowa",23,59,68,45,0.6525,0.025,0,57.25,42.5,69.5,0.425,0.025,0
"358",2014,4,"Wisconsin",104,46,55,35.25,0.02,0,0,43.5,33,50.75,0.045,0.025,0
"359",2014,5,"Illinois",31,65.125,74.75,55.5,0.055,0,0,61.125,52.5,69.75,0.0425,0,0
"360",2014,5,"Wisconsin",96,54.6,61.8,46,0.062,0,0,53,44.2,60.4,0.072,0,0
"361",2014,6,"Illinois",32,68.75,76.25,61.25,0.3325,0,0,67.5,60.25,74.75,0.3475,0,0
"362",2014,6,"Wisconsin",41,63.5,75,54.5,0.0225,0,0,63,53.75,74.75,0.0225,0,0
"363",2014,7,"Illinois",49,68.7,76.8,60.6,0.016,0,0,68.7,60.8,76.6,0.028,0,0
"364",2014,7,"Wisconsin",67,66.25,75.25,57.75,0,0,0,65.25,56.25,75.25,0,0,0
"365",2014,8,"Illinois",58,74.25,83,65.5,0,0,0,73,63.25,82.75,0,0,0
"366",2014,8,"Iowa",54,76.6,86.8,68.2,0.37,0,0,76.6,68,85,0,0,0
"367",2014,8,"Wisconsin",56,70.4,80.8,62.8,0.192,0,0,69,61,79.4,0.166,0,0
"368",2014,9,"Illinois",44,68,79,57,0.4525,0,0,70.5,61,80,0.4525,0,0
"369",2014,9,"Wisconsin",223,61.5,68.75,52.75,0.04,0,0,64,56,71.75,0.0725,0,0
"370",2014,10,"Illinois",22,53.9,60.8,47,0.024,0,0,58.1,49.8,66.4,0.024,0,0
"371",2014,10,"Wisconsin",137,50.8,57.6,42.8,0.162,0.02,0,55.2,47.2,62.6,0.158,0,0
"372",2014,11,"Illinois",42,33.5,40.25,26.75,0,0,0,37.875,31.25,44.5,0,0,0
"373",2014,11,"Wisconsin",92,25.25,34.75,18.5,0.0075,0.05,0.5,30.5,23.25,37.75,0.005,0.025,0
"374",2014,12,"Illinois",24,29.7,34,25.4,0.024,0,0,32.5,28.6,36.4,0.024,0,0
"375",2014,12,"Iowa",12,37.5,44.25,33.25,0,0,0,39.5,32.75,46.5,0,0,0
"376",2014,12,"Wisconsin",240,33.5,38.75,29,0,0,0,28,23.5,34.75,0.0075,0.05,0.5
"377",2015,1,"Illinois",40,19.625,25.25,14,0.0025,0,1.75,15.375,9.5,21.25,0,0,1.75
"378",2015,1,"Iowa",6,29.25,36.25,20.5,0.0575,0.225,1.275,25.25,16.5,34.75,0.02,0.225,1.275
"379",2015,1,"Wisconsin",147,23.4,26.8,17.4,0,0,3,26.6,21,31,0,0,3
"380",2015,2,"Illinois",227,19.5,26.75,12.25,0.0525,0.825,8.25,21.5,14.25,28.75,0.0175,0.225,6.5
"381",2015,2,"Iowa",15,22.25,26.25,12.75,0.12,1.6,2.55,28.75,20,33,0.1575,1.6,2.55
"382",2015,2,"Wisconsin",495,10,22.75,2.75,0.005,0.15,7.475,14,7.25,25.25,0.005,0.15,5.2
"383",2015,3,"Illinois",209,37.25,45,29.5,0.04,0,1.75,32.625,24,41.25,0.0375,0.6,3.5
"384",2015,3,"Iowa",2,43.2,58,32.4,0.006,0,0.24,36.4,25.6,48.4,0,0,0.24
"385",2015,3,"Wisconsin",357,31,44.25,20.5,0.0025,0.075,2.275,26.75,16,41.5,0,0,4.55
"386",2015,4,"Illinois",64,51.5,61.6,41.4,0.024,0,0,49,40.6,57.4,0.056,0,0
"387",2015,4,"Iowa",9,58,68.75,46.25,0.2175,0,0,56.5,45,68.5,0.225,0,0
"388",2015,4,"Wisconsin",183,46.75,58.5,35.5,0.08,0,0,43.25,32.5,53.5,0.045,0.075,0
"389",2015,5,"Illinois",117,58.25,65.75,50.75,0.02,0,0,53.875,45.25,62.5,0.005,0,0
"390",2015,5,"Iowa",275,66,75.8,58.4,0.318,0,0,64.8,56.8,74.4,0.318,0,0
"391",2015,5,"Wisconsin",115,60,70.6,50.2,0.072,0,0,54.4,44.4,64.4,0.08,0,0
"392",2015,6,"Illinois",59,71.75,81,62.5,0.385,0,0,71.25,62,80.5,0.4,0,0
"393",2015,6,"Iowa",28,75.5,84.75,67,0.3625,0,0,71.75,63.5,81,0.1625,0,0
"394",2015,6,"Wisconsin",67,57.75,62.75,51.75,0.16,0,0,59.75,52.75,66.5,0.1875,0,0
"395",2015,7,"Illinois",382,70.6,77.2,64,0.008,0,0,68.7,62.4,75,0.004,0,0
"396",2015,7,"Iowa",6,79.25,89.25,70.25,0.2975,0,0,77.75,68.75,88.25,0.2,0,0
"397",2015,7,"Wisconsin",53,71.8,82.6,61.8,0,0,0,68.2,59.2,78.6,0,0,0
"398",2015,8,"Illinois",55,70.125,77,63.25,0,0,0,74.875,67,82.75,0.005,0,0
"399",2015,8,"Iowa",15,74.8,83.8,65.8,0.022,0,0,77,67.8,86,0.26,0,0
"400",2015,8,"Wisconsin",173,70.5,82.25,61,0.0925,0,0,73.75,64,85,0.06,0,0
"401",2015,9,"Illinois",441,70.9,79.4,62.4,0,0,0,71.7,63.2,80.2,0,0,0
"402",2015,9,"Iowa",125,69.25,81.25,57.5,0.245,0,0,69,57.75,80.75,0.245,0,0
"403",2015,9,"Wisconsin",81,65,70.5,59.5,0.2175,0,0,65.5,58.75,71.75,0.25,0,0
"404",2015,10,"Illinois",199,59,68.25,49.75,0.0525,0,0,61.625,53.75,69.5,0,0,0
"405",2015,10,"Iowa",336,54.5,68,43.5,0,0,0,59.25,48.75,72.25,0,0,0
"406",2015,10,"Wisconsin",129,51.6,56.6,44.2,0.062,0,0,55,48.2,59.6,0.06,0,0
"407",2015,11,"Illinois",21,54.375,63.25,45.5,0.2725,0,0,55,45.5,64.5,0.32,0,0
"408",2015,11,"Iowa",3,42.2,54,33.6,0.05,0,0.78,45.8,34.8,59.4,0,0,0.78
"409",2015,11,"Wisconsin",128,43.25,46.75,34.25,0.165,0.2,0,44.75,36.5,50.25,0.085,0.2,0
"410",2015,12,"Illinois",34,42.2,48.2,36.2,0.252,0.66,0.8,45.5,38.4,52.6,0.236,0.28,0.2
"411",2015,12,"Iowa",17,40.75,46,34,0.465,0,0,41.75,37,47,0.5275,0,0
"412",2015,12,"Wisconsin",196,35.75,41,30.75,0,0,0,37,31,41.5,0.0825,0,0
"413",2016,1,"Illinois",37,24.25,32,16.5,0.0125,0.25,1,24,17,31,0.0375,0.725,1.75
"414",2016,1,"Iowa",2,19.2,25.6,13.8,0,0,1.1,16.8,11,22.6,0,0,1.1
"415",2016,1,"Wisconsin",242,29,33.2,24.8,0.016,0,3.06,31.2,27.4,34.4,0.016,0,2.82
"416",2016,2,"Illinois",112,29,33.25,24.75,0.065,0.475,0.75,27.75,23.25,32.25,0,0,0.25
"417",2016,2,"Wisconsin",106,29.75,35.75,22.5,0,0,1.075,28.25,20.25,35.25,0,0,1.375
"418",2016,3,"Illinois",15,46.4,53,39.8,0.134,0,0,42.7,37,48.4,0.112,0.38,0.4
"419",2016,3,"Wisconsin",233,33.75,40.75,24.5,0.045,0.45,0.8,33.5,24.75,39,0.045,0.45,0.3
"420",2016,4,"Illinois",29,50.875,57.5,44.25,0.425,0,0,52.75,45,60.5,0.3225,0,0
"421",2016,4,"Iowa",34,61.5,77.75,49.5,0.0225,0,0,55,44,70,0.005,0,0
"422",2016,4,"Wisconsin",71,42.6,50,35,0.04,0.32,0,40.4,32,48.8,0.036,0.32,0.4
"423",2016,5,"Illinois",8,61.625,71,52.25,0.3175,0,0,53.875,46.75,61,0.33,0,0
"424",2016,5,"Iowa",65,60.4,71,50.2,0.016,0,0,60,50.2,70.4,0.03,0,0
"425",2016,5,"Wisconsin",168,61.75,72.75,49.5,0.085,0,0,54.25,43,64.75,0.055,0,0
"426",2016,6,"Illinois",108,71.1,79.6,62.6,0.352,0,0,73.1,64.2,82,0.498,0,0
"427",2016,6,"Iowa",93,79,90.25,68,0.0575,0,0,76.25,64.75,88.75,0,0,0
"428",2016,6,"Wisconsin",23,68.5,81.5,59.5,0.015,0,0,69.5,60.5,81.5,0.05,0,0
"429",2016,7,"Illinois",12,79.875,89,70.75,0.5925,0,0,76.625,67.25,86,0.5925,0,0
"430",2016,7,"Iowa",157,75.8,84.2,67.8,0.028,0,0,76.8,68.4,85.4,0.074,0,0
"431",2016,7,"Wisconsin",61,71.8,78,64.6,0,0,0,71.4,63.4,78.6,0,0,0
"432",2016,8,"Illinois",76,79.3,86.4,72.2,0.06,0,0,80.6,72.4,88.8,0.06,0,0
"433",2016,8,"Iowa",26,73.5,83.5,65.25,0.105,0,0,73.25,65,82,0,0,0
"434",2016,8,"Wisconsin",80,77,82.75,70,0.105,0,0,76.5,70.5,82.75,0.105,0,0
"435",2016,9,"Illinois",2,71.5,77.25,65.75,0.25,0,0,75.625,70.25,81,0.045,0,0
"436",2016,9,"Iowa",56,68.75,79.25,58,0.04,0,0,70.5,61.25,84,0.105,0,0
"437",2016,9,"Wisconsin",58,68.2,74.2,62.6,0.13,0,0,70.4,63.8,76.6,0.016,0,0
"438",2016,10,"Illinois",127,60.375,68.25,52.5,0.345,0,0,62.625,54,71.25,0.3175,0,0
"439",2016,10,"Iowa",30,61,72.4,51.2,0,0,0,63.8,53,74.2,0.032,0,0
"440",2016,10,"Wisconsin",129,52.5,63,42,0.0025,0,0,55.5,46.25,62.5,0.145,0,0
"441",2016,11,"Illinois",20,49.3,55.6,43,0.174,0,0,50.7,45,56.4,0.36,0,0
"442",2016,11,"Iowa",15,44,58.25,34.75,0.1675,0,0,47.25,37.5,59.75,0,0,0
"443",2016,11,"Wisconsin",95,51,56.25,38.5,0,0,0,53.75,40,62.5,0,0,0
"444",2016,12,"Illinois",82,25.875,33.25,18.5,0,0,2,27.75,21.5,34,0,0,2
"445",2016,12,"Iowa",29,25,32.75,17,0.2475,0.175,0.8,26.5,17.25,33.5,0.2825,0.175,0.8
"446",2016,12,"Wisconsin",363,26.8,32.6,22.4,0.114,0.86,3.14,28.4,24.6,33.4,0.114,0.86,3.14
"447",2017,1,"Illinois",43,31.25,36.5,26,0.1575,0,0,29.875,23.25,36.5,0.135,0,0
"448",2017,1,"Iowa",13,27.2,34.6,21.2,0.02,0,0.24,28,22.2,38,0.126,0,0
"449",2017,1,"Wisconsin",354,21.5,26.25,17.75,0.1075,0,0,21.75,18,27.5,0.1075,0,0
"450",2017,2,"Illinois",178,37.375,44,30.75,0,0.025,0,32.375,26.5,38.25,0.0225,0.025,0
"451",2017,2,"Iowa",13,41.25,51.75,31.5,0,0,0,40.75,31.75,48.75,0,0,0.3
"452",2017,2,"Wisconsin",237,30.5,42.25,22.25,0.2225,0.05,0,28.75,21.25,40.5,0,0,0
"453",2017,3,"Illinois",49,37.7,44.6,30.8,0.074,0,0.6,41.1,34,48.2,0.018,0,0.6
"454",2017,3,"Iowa",9,44,54.5,36.25,0.0375,0.2,0,41.75,33.25,54.5,0.03,0.2,0
"455",2017,3,"Wisconsin",114,34.6,42.6,28.4,0.04,0.02,0.78,34,27,41.4,0.218,0.06,0.78
"456",2017,4,"Illinois",106,54.75,63,46.5,0.405,0,0,48,40,56,0.4075,0,0
"457",2017,4,"Iowa",19,57,65.2,48.8,0.246,0,0,57.2,48.8,65.4,0.034,0,0
"458",2017,4,"Wisconsin",67,45.75,54.25,39.25,0.025,0,0,44.25,38.25,52,0.025,0,0
"459",2017,5,"Illinois",55,60.1,68.4,51.8,0.4,0,0,61.2,53.4,69,0.454,0,0
"460",2017,5,"Iowa",11,63.75,76.75,51.75,0,0,0,57.75,48,68,0.2725,0,0
"461",2017,5,"Wisconsin",49,50.75,55,45,0.06,0,0,48,42.25,53,0.0375,0,0
"462",2017,6,"Illinois",31,71.75,82,61.5,0.12,0,0,69.5,59.25,79.75,0.05,0,0
"463",2017,6,"Iowa",41,75,86,63.75,0,0,0,75.5,65,87.75,0,0,0
"464",2017,6,"Wisconsin",76,72,81.6,64.2,0.292,0,0,68.6,60.8,77.8,0.31,0,0
"465",2017,7,"Illinois",46,77.5,85.25,69.75,0.3075,0,0,76.625,68.5,84.75,0.3625,0,0
"466",2017,7,"Iowa",18,78.8,88.8,68.2,0,0,0,77,65.8,87.2,0,0,0
"467",2017,7,"Wisconsin",222,73,79,63.75,0.115,0,0,73.5,64,80,0.115,0,0
"468",2017,8,"Illinois",15,74.5,84.4,64.6,0.024,0,0,75.6,66,85.2,0.036,0,0
"469",2017,8,"Iowa",68,72.25,80.25,64.5,0.2025,0,0,72.75,64.25,81,0.1975,0,0
"470",2017,8,"Wisconsin",63,67,73.75,60.75,0,0,0,69,64,75.5,0,0,0
"471",2017,9,"Illinois",12,68.25,77,59.5,0.0125,0,0,69.625,60.25,79,0.0125,0,0
"472",2017,9,"Iowa",31,73.25,84.5,61.75,0.15,0,0,71.25,60.5,81.5,0.155,0,0
"473",2017,9,"Wisconsin",86,67.4,75.2,59.2,0.044,0,0,67.4,58.8,75.8,0.044,0,0
"474",2017,10,"Illinois",8,58.375,65,51.75,0.245,0,0,63.25,56.75,69.75,0.245,0,0
"475",2017,10,"Iowa",16,55.4,67,45,0.004,0,0,63.6,53.2,74.8,0,0,0
"476",2017,10,"Wisconsin",148,57.25,67.5,51,0.12,0,0,61.5,55.25,70.5,0.12,0,0
"477",2017,11,"Illinois",44,38.5,45.4,31.6,0.154,0,0,39.4,32.2,46.6,0.154,0,0
"478",2017,11,"Iowa",31,42,51.75,28.5,0.0025,0,0,40.75,27.5,49.75,0.0075,0,0
"479",2017,11,"Wisconsin",165,37.25,47.25,30.75,0.07,0.05,0,37.25,31.5,44.75,0.07,0.05,0
"480",2017,12,"Illinois",50,24.25,29.75,18.75,0,0,0.5,34,28.25,39.75,0,0,0
"481",2017,12,"Iowa",17,25.4,34.2,16,0.042,0.54,1.02,35.2,25.4,46.8,0.034,0.36,0.24
"482",2017,12,"Wisconsin",229,27.8,34,21.4,0.01,0.14,0.48,34.6,27,44,0.006,0.08,0.24
"483",2018,1,"Illinois",44,27.1,34,20.2,0.006,0.06,0.8,20.1,13.4,26.8,0.006,0.06,1.2
"484",2018,1,"Iowa",43,27,34.25,20.25,0.14,0.475,0.8,18.25,12.25,26,0.15,0.7,1.775
"485",2018,1,"Wisconsin",253,24.5,32.25,16.5,0,0,1.375,18,11.5,23.75,0.005,0.075,1.375
"486",2018,2,"Illinois",38,33.5,40.25,26.75,0.0625,0.275,2.5,30.625,25,36.25,0.06,0.275,2.5
"487",2018,2,"Iowa",11,25.25,36.25,14.5,0.0125,0.2,1.975,24.5,13,33,0.0125,0.2,1.975
"488",2018,2,"Wisconsin",68,25.25,30.25,17.25,0.08,1.2,1.775,25.25,15.75,32,0.0625,1.2,2.075
"489",2018,3,"Illinois",42,36.5,43.75,29.25,0.005,0,0,37.25,29,45.5,0.005,0,0
"490",2018,3,"Iowa",8,40,48.25,34.75,0.0725,0.2,0.3,39.25,32.75,47.5,0.0725,0.2,0
"491",2018,3,"Wisconsin",186,33.2,39.8,27,0,0,0,33.6,27,39.8,0.014,0,0
"492",2018,4,"Illinois",75,41.375,48.5,34.25,0.04,0.25,0.25,41.375,34.25,48.5,0.0425,0.25,0.25
"493",2018,4,"Iowa",18,40.4,49,32.8,0.032,0.5,0.4,36.2,30.4,44,0.032,0.5,0.64
"494",2018,4,"Wisconsin",33,40.75,45.5,32.5,0.1125,0.05,0.3,38,31,43,0.065,0.05,0.3
"495",2018,5,"Illinois",32,71.1,82.6,59.6,0.224,0,0,64.4,53,75.8,0.094,0,0
"496",2018,5,"Iowa",34,69,80.5,59.75,0.4825,0,0,62,52.5,73.75,0.4825,0,0
"497",2018,5,"Wisconsin",105,57,66.25,49.5,0.37,0,0,49.75,43,57.25,0.4175,0,0
"498",2018,6,"Illinois",20,71.75,80.5,63,0.0325,0,0,73,63.75,82.25,0.1775,0,0
"499",2018,6,"Iowa",64,76,84.5,67.25,0.175,0,0,79,68.75,88.25,0.125,0,0
"500",2018,6,"Wisconsin",24,65.4,74.4,57.4,0.12,0,0,64.6,57,73,0.12,0,0
"501",2018,7,"Illinois",293,78,86.5,69.5,0.0225,0,0,77,69.75,84.25,0.04,0,0
"502",2018,7,"Iowa",49,75.6,84.8,66.2,0.046,0,0,75.8,66.8,85.6,0.086,0,0
"503",2018,7,"Wisconsin",19,74,79.5,65.75,0.5025,0,0,76.75,67,84,0.5025,0,0
"504",2018,8,"Illinois",39,74.4,82.6,66.2,0.168,0,0,75.8,66.6,85,0.014,0,0
"505",2018,8,"Iowa",21,78.75,88.25,69.25,0.05,0,0,77,67,87.25,0.05,0,0
"506",2018,8,"Wisconsin",41,70.8,76.4,64.4,0.014,0,0,71.2,65.4,76.2,0.014,0,0
"507",2018,9,"Illinois",46,70.875,80.25,61.5,0.0525,0,0,73.875,65.25,82.5,0.245,0,0
"508",2018,9,"Iowa",23,65,74.4,57.8,0.042,0,0,71,62.8,80.8,0.01,0,0
"509",2018,9,"Wisconsin",101,66.25,73.25,53.75,0,0,0,68.5,56.5,77.5,0,0,0
"510",2018,10,"Illinois",10,56.4,65.2,47.6,0.3,0,0,57.4,48,66.8,0.248,0,0
"511",2018,10,"Iowa",7,46.5,55.75,37.25,0.075,0,0,45.25,38.75,53.5,0.115,0,0
"512",2018,10,"Wisconsin",47,49,53.75,45.25,0.12,0,0,51.5,45.25,56.5,0.12,0,0
"513",2018,11,"Illinois",51,30.125,35.25,25,0.0025,0.05,0.5,38,32.75,43.25,0.065,0,0
"514",2018,11,"Iowa",4,32.25,38.5,24.5,0.0975,0.125,0,37.5,29.25,45.5,0.0825,0,0
"515",2018,11,"Wisconsin",30,36.6,42,29.6,0.062,0.74,0.88,39.6,33.8,44.6,0.062,0.74,0.64
"516",2018,12,"Illinois",67,36.5,43.5,29.5,0,0.025,0,32.625,26.75,38.5,0.0025,0.075,0.5
"517",2018,12,"Iowa",61,30.2,40.6,22,0.024,0.06,0,32,23.2,39.2,0.036,0.16,0
"518",2018,12,"Wisconsin",261,34,39.5,24.75,0.02,0.1,0,31.5,24,35.75,0,0,0.3
"519",2019,1,"Illinois",138,19.1,23.8,14.4,0.044,0.06,2.8,29.9,24.6,35.2,0.044,0.06,1.2
"520",2019,1,"Iowa",19,19.75,29.5,12.75,0.0325,0.275,4.725,23.75,17,32.25,0.015,0.175,2.75
"521",2019,1,"Wisconsin",304,24.5,29.5,17.5,0.0575,0.5,1.775,34.25,25.5,41.5,0.0775,0.6,0
"522",2019,2,"Illinois",200,28.625,34.25,23,0.035,0.175,0.5,18.625,13.25,24,0.035,0.175,2.5
"523",2019,2,"Iowa",9,28,32.5,21.5,0.13,2.35,4.55,25,20.5,33,0.1425,2.2,4.25
"524",2019,2,"Wisconsin",52,16.5,23.75,7,0,0.05,5.7,11,1.75,16,0,0.05,6
"525",2019,3,"Illinois",105,39.875,49.25,30.5,0.2175,0,0,34.75,27,42.5,0.1925,0,0
"526",2019,3,"Iowa",78,30.2,36.4,22.4,0.026,0,2.2,27.8,18.6,32.8,0.03,0.2,4.02
"527",2019,3,"Wisconsin",126,33.8,38.6,27.2,0.012,0,1.56,30.6,23.4,36.4,0,0,2.74
"528",2019,4,"Illinois",114,51.125,60.75,41.5,0.02,0,0,48.625,38,59.25,0.045,0,0
"529",2019,4,"Iowa",44,52.5,65.75,42.25,0.14,0,0,50.5,40,63.25,0.07,0,0
"530",2019,4,"Wisconsin",120,46,51.75,38.75,0.005,0,0,42.75,37.75,47.75,0.02,0,0
"531",2019,5,"Illinois",32,61.7,74,49.4,0.39,0,0,60.1,48,72.2,0.37,0,0
"532",2019,5,"Iowa",17,59.25,67.25,49.75,0.1475,0,0,52.25,42.75,61.5,0.105,0,0
"533",2019,5,"Wisconsin",84,54.2,60.2,44.6,0.132,0,0,51.4,42.4,55.6,0.132,0,0
"534",2019,6,"Illinois",80,70.875,81.25,60.5,0.3975,0,0,66.625,56,77.25,0.3725,0,0
"535",2019,6,"Iowa",23,72.8,81.2,63.4,0.014,0,0,69.2,59.8,78.2,0.104,0,0
"536",2019,6,"Wisconsin",94,64.5,74.5,56,0.09,0,0,64,52,75.75,0,0,0
"537",2019,7,"Illinois",57,77.5,85.8,69.2,0.14,0,0,79.6,70.6,88.6,0.18,0,0
"538",2019,7,"Iowa",24,77,85.5,69.75,0.28,0,0,79,71.5,86.75,0,0,0
"539",2019,7,"Wisconsin",71,77,88.75,67.5,0.01,0,0,76.25,67.5,88,0.1,0,0
"540",2019,8,"Illinois",85,73.875,83,64.75,0,0,0,74.25,65.5,83,0,0,0
"541",2019,8,"Iowa",20,74,81.5,66,0.5325,0,0,76.75,68,86,0.8125,0,0
"542",2019,8,"Wisconsin",61,69.6,77.8,60.8,0,0,0,70.6,62.8,79.8,0,0,0
"543",2019,9,"Illinois",22,73.125,81,65.25,0.0075,0,0,72,64,80,0.0075,0,0
"544",2019,9,"Iowa",18,68,76,61.2,0.26,0,0,69.2,62.2,75.6,0.198,0,0
"545",2019,9,"Wisconsin",13,68.5,73.75,60.5,0.2975,0,0,69.75,59.75,75.25,0.2225,0,0
"546",2019,10,"Illinois",46,53.7,61.6,45.8,0.33,0.28,0.2,60.7,52.2,69.2,0.116,0,0
"547",2019,10,"Iowa",29,47.25,58,38.25,0.16,0,0,52,43.75,64,0.2375,0,0
"548",2019,10,"Wisconsin",2,49.5,57,39.25,0.1975,0,0,54.75,45.75,61.25,0.2725,0,0
"549",2019,11,"Illinois",2,38.625,48,29.25,0.03,0,0.5,36.625,29,44.25,0.2675,0.35,0.75
"550",2019,11,"Iowa",40,40.5,48.75,32.25,0.02,0.025,0,41,33.25,46.75,0.02,0.025,0
"551",2019,11,"Wisconsin",21,29.8,37.4,23.2,0.006,0.02,1.42,31.4,23.4,39.8,0.006,0.02,1.42
"552",2019,12,"Illinois",18,32.25,39.75,24.75,0,0.05,0,31,23.25,38.75,0.03,0.05,0
"553",2019,12,"Iowa",69,34.6,41.8,25.6,0.042,0.4,0,33.8,26.2,42.6,0.042,0.38,0
"554",2019,12,"Wisconsin",134,36.25,40,27.75,0,0,0,35.75,29.5,40,0,0,0
"555",2020,1,"Illinois",31,30.1,35.8,24.4,0,0.02,0.2,33.8,26.4,41.2,0,0,0.2
"556",2020,1,"Iowa",33,20.75,27,16,0.02,0.35,4.825,25.25,17.25,32.25,0.02,0.375,2.55
"557",2020,1,"Wisconsin",242,33.2,38.6,28,0.222,1.02,1.42,34,27.2,39.2,0.222,1.02,1.02
"558",2020,2,"Illinois",41,28,32.5,23.5,0.0925,1.175,1.5,28.75,24.5,33,0.075,0.9,0.75
"559",2020,2,"Iowa",10,38,51.75,26,0,0,2.25,33.5,24.5,43.5,0,0,4.525
"560",2020,2,"Wisconsin",300,18.5,28.75,11.25,0,0,1.275,21.5,15.25,30.5,0,0,1.775
"561",2020,3,"Illinois",33,42,48.5,35.5,0.145,0,0,38.25,34,42.5,0.1625,0.3,0.75
"562",2020,3,"Wisconsin",98,39,43.25,30.5,0.205,0,0,34.75,25.25,39.75,0.075,0,0
"563",2020,4,"Illinois",98,48.1,57.2,39,0.518,0.32,0,46.5,37,56,0.056,0.32,0
"564",2020,4,"Iowa",9,51,60.75,38,0.23,0.05,0,48.5,35.5,57.75,0.23,0.05,0
"565",2020,4,"Wisconsin",25,41.5,48.75,36.75,0.0025,0,0,40.75,36,47.75,0.1325,0,0
"566",2020,5,"Illinois",12,61.5,70.5,52.5,0.0475,0,0,54.625,45,64.25,0.58,0,0
"567",2020,5,"Wisconsin",33,55,63.4,44.6,0.052,0,0,50.2,40.4,58.4,0.044,0,0
"568",2020,6,"Illinois",9,74,83.5,64.5,0.025,0,0,76.375,67.25,85.5,0.07,0,0
"569",2020,6,"Iowa",9,76,86.75,66,0.0525,0,0,73,63.25,83.75,0.0375,0,0
"570",2020,7,"Illinois",5,80.5,88.8,72.2,0.33,0,0,78.2,70,86.4,0.308,0,0
"571",2020,7,"Iowa",7,79.25,88.25,70.75,0.13,0,0,78.5,69.5,87,0.015,0,0
"572",2020,7,"Wisconsin",7,75.2,83.8,67.2,0.018,0,0,75,66.8,84,0.092,0,0
"573",2020,8,"Illinois",6,73.5,83,64,0,0,0,72.75,63.25,82.25,0.0275,0,0
"574",2020,8,"Wisconsin",53,74.25,82.75,65.75,0.14,0,0,73.25,64,80.75,0,0,0
"575",2020,9,"Illinois",28,68.3,76.8,59.8,0.122,0,0,73.3,64.6,82,0.122,0,0
"576",2020,10,"Illinois",5,55.375,65.75,45,0.1625,0,0,59.875,49.75,70,0.1625,0,0
"577",2020,10,"Wisconsin",44,47.2,56,37.6,0.128,0,0,53.8,44.4,63.4,0.128,0,0
"578",2020,11,"Illinois",4,47.75,54.75,40.75,0.0925,0,0,46.75,37.75,55.75,0,0,0
"579",2020,11,"Iowa",13,45.4,52.2,34.4,0.01,0,0,44.6,34.8,51.2,0.02,0.1,0
"580",2020,11,"Wisconsin",33,49,56,37,0.0025,0,0,47.5,35.5,55.25,0.0025,0,0
"581",2020,12,"Illinois",3,36.6,45.6,27.6,0.07,0,0.2,39.5,31.2,47.8,0.094,0,0
"582",2020,12,"Iowa",2,27.75,34,21.5,0.0025,0.025,1.975,30.25,21.5,36.5,0,0,1.975
"583",2021,1,"Iowa",5,26,31.8,19.8,0.008,0.18,5.28,25.6,19.8,31.6,0.01,0.18,3.46
"584",2021,1,"Wisconsin",11,26.6,33.2,20.6,0.088,0.58,3.62,25.4,20.6,31,0.088,0.58,2.04
"585",2021,2,"Wisconsin",10,20,25.75,11.75,0.01,0.3,15.775,17,8.5,24,0.01,0.3,14.5
"586",2021,3,"Illinois",44,48,55,41,0.114,0,0,47.8,40.6,55,0.114,0,0.8
"587",2021,3,"Iowa",15,47.75,59,37.5,0.165,0,0,46.75,35.25,56.25,0.165,0,0.3
"588",2021,3,"Wisconsin",40,37.75,45,28.5,0.005,0,0.775,36.5,26,44.5,0,0,4.025
"589",2021,4,"Illinois",27,52.375,60.75,44,0.1875,0,0,49.375,41.25,57.5,0,0,0
"590",2021,4,"Iowa",14,53.5,68.75,41.5,0,0,0,51.75,40.5,65.5,0,0,0
"591",2021,4,"Wisconsin",47,47.2,54.4,39.6,0.002,0,0,44.6,38.2,52,0.006,0,0
"592",2021,5,"Illinois",13,59.75,68.75,50.75,0.16,0,0,55,47.25,62.75,0.21,0,0
"593",2021,5,"Iowa",77,61.2,71.2,52.2,0.108,0,0,59.4,50.2,71,0.108,0,0
"594",2021,6,"Illinois",95,73,81,65,0.016,0,0,71.8,62.6,81,0.11,0,0
"595",2021,6,"Iowa",50,75.5,87,63,0.295,0,0,72.25,59.25,83,0.295,0,0
"596",2021,6,"Wisconsin",109,76.25,88.5,66,0.195,0,0,70,61,80.75,0.22,0,0
"597",2021,7,"Illinois",60,77.75,85.5,70,0.0625,0,0,76.375,69.25,83.5,0.02,0,0
"598",2021,7,"Iowa",32,75.75,85.75,65.75,0,0,0,73.25,64.5,83.75,0,0,0
"599",2021,7,"Wisconsin",76,69.4,76.2,61.2,0,0,0,69.8,61.8,77.8,0,0,0
"600",2021,8,"Iowa",15,73.6,83,63,0.008,0,0,74.2,63,84.2,0.008,0,0
"601",2021,8,"Wisconsin",69,77.5,85.25,69,0.18,0,0,75.5,65.75,82,0.18,0,0
"602",2021,9,"Illinois",116,68.4,76.6,60.2,0.066,0,0,70.9,62.6,79.2,0.356,0,0
"603",2021,9,"Iowa",19,72.5,85,62.25,0,0,0,74.75,65.25,84.25,0,0,0
"604",2021,9,"Wisconsin",39,69,81,58.75,0.0325,0,0,71.75,63.5,82.25,0.0025,0,0
"605",2021,10,"Illinois",14,60.375,68.25,52.5,0.1175,0,0,66,57.75,74.25,0.1175,0,0
"606",2021,10,"Iowa",34,57.4,65.4,46.6,0.582,0,0,61.6,51,72.4,0.582,0,0
"607",2021,10,"Wisconsin",4,57.8,65.2,52,0.132,0,0,60,52.2,69.8,0.054,0,0
"608",2021,11,"Iowa",2,42.5,53,32,0,0,0,45.25,33.75,54.75,0,0,0
"609",2021,11,"Wisconsin",52,35,41.25,28.75,0.02,0,0,42.75,37.75,48,0.1475,0,0
"610",2021,12,"Illinois",5,38.4,44.2,32.6,0.004,0.04,0,40.3,33.6,47,0.014,0,0
"611",2021,12,"Iowa",58,34.25,46.75,25.5,0.0375,0,0,35.5,26.75,47,0,0,0
"612",2021,12,"Wisconsin",25,36.4,42.6,29.6,0.256,0,0,34.2,26.8,41,0.248,0,0
