Date,TAVG (Degrees Fahrenheit),TMAX (Degrees Fahrenheit),TMIN (Degrees Fahrenheit),PRCP (Inches),SNOW (Inches),SNWD (Inches)
2001-01-05,30.0,37.0,23.0,0.0,0.0,16.0
2001-01-12,31.0,39.0,23.0,0.0,0.0,10.0
2001-01-19,20.0,27.0,13.0,0.0,0.0,5.0
2001-01-26,23.0,29.0,17.0,0.03,0.6,4.0
2001-02-02,0.0,17.0,1.0,0.0,0.0,3.0
2001-02-09,32.0,46.0,18.0,1.09,0.4,1.0
2001-02-16,19.0,28.0,10.0,0.0,0.0,2.0
2001-02-23,23.0,28.0,17.0,0.0,0.1,1.0
2001-03-02,35.0,40.0,30.0,0.0,0.0,0.0
2001-03-09,32.0,38.0,25.0,0.0,0.0,0.0
2001-03-16,32.0,34.0,30.0,0.0,0.0,0.0
2001-03-23,37.0,44.0,30.0,0.0,0.0,0.0
2001-03-30,39.0,44.0,33.0,0.0,0.0,0.0
2001-04-06,48.0,56.0,39.0,0.0,0.0,0.0
2001-04-13,45.0,52.0,38.0,0.0,0.0,0.0
2001-04-20,57.0,67.0,46.0,0.54,0.0,0.0
2001-04-27,49.0,53.0,45.0,0.0,0.0,0.0
2001-05-04,50.0,54.0,45.0,0.01,0.0,0.0
2001-05-11,49.0,56.0,42.0,0.07,0.0,0.0
2001-05-18,60.0,66.0,53.0,0.0,0.0,0.0
2001-05-25,50.0,58.0,42.0,0.0,0.0,0.0
2001-06-01,56.0,63.0,48.0,0.69,0.0,0.0
2001-06-08,62.0,71.0,53.0,0.0,0.0,0.0
2001-06-15,69.0,75.0,63.0,0.25,0.0,0.0
2001-06-22,59.0,63.0,55.0,0.0,0.0,0.0
2001-06-29,77.0,86.0,67.0,0.0,0.0,0.0
2001-07-06,66.0,77.0,55.0,0.0,0.0,0.0
2001-07-13,71.0,80.0,61.0,0.0,0.0,0.0
2001-07-20,79.0,87.0,71.0,0.09,0.0,0.0
2001-07-27,67.0,71.0,62.0,0.0,0.0,0.0
2001-08-03,73.0,78.0,68.0,0.0,0.0,0.0
2001-08-10,69.0,74.0,64.0,0.0,0.0,0.0
2001-08-17,70.0,79.0,61.0,0.0,0.0,0.0
2001-08-24,71.0,73.0,68.0,0.06,0.0,0.0
2001-08-31,66.0,72.0,59.0,0.0,0.0,0.0
2001-09-07,76.0,86.0,66.0,0.82,0.0,0.0
2001-09-14,57.0,61.0,53.0,0.0,0.0,0.0
2001-09-21,63.0,67.0,58.0,0.19,0.0,0.0
2001-09-28,52.0,55.0,49.0,0.0,0.0,0.0
2001-10-05,46.0,51.0,41.0,0.0,0.0,0.0
2001-10-12,54.0,59.0,48.0,0.56,0.0,0.0
2001-10-19,50.0,59.0,41.0,0.0,0.0,0.0
2001-10-26,40.0,42.0,37.0,0.0,0.0,0.0
2001-11-02,55.0,64.0,46.0,0.0,0.0,0.0
2001-11-09,42.0,53.0,31.0,0.0,0.0,0.0
2001-11-16,48.0,56.0,40.0,0.0,0.0,0.0
2001-11-23,51.0,56.0,45.0,0.02,0.0,0.0
2001-11-30,43.0,44.0,42.0,0.2,0.0,0.0
2001-12-07,37.0,41.0,33.0,0.0,0.0,0.0
2001-12-14,34.0,36.0,31.0,0.0,0.0,0.0
2001-12-21,31.0,38.0,24.0,0.0,0.0,0.0
2001-12-28,18.0,22.0,14.0,0.01,0.9,1.0
2002-01-04,26.0,33.0,19.0,0.0,0.0,0.0
2002-01-11,37.0,43.0,31.0,0.0,0.0,0.0
2002-01-18,13.0,18.0,7.0,0.0,0.0,3.0
2002-01-25,39.0,50.0,28.0,0.0,0.0,0.0
2002-02-01,27.0,32.0,22.0,0.08,0.8,3.0
2002-02-08,40.0,50.0,29.0,0.0,0.0,0.0
2002-02-15,38.0,41.0,34.0,0.0,0.0,0.0
2002-02-22,28.0,35.0,20.0,0.0,0.0,0.0
2002-03-01,24.0,29.0,18.0,0.08,1.3,1.0
2002-03-08,45.0,55.0,35.0,0.13,0.0,6.0
2002-03-15,38.0,43.0,32.0,0.0,0.0,0.0
2002-03-22,24.0,34.0,13.0,0.0,0.0,0.0
2002-03-29,40.0,44.0,35.0,0.13,0.0,0.0
2002-04-05,33.0,40.0,26.0,0.0,0.0,0.0
2002-04-12,53.0,64.0,42.0,0.0,0.0,0.0
2002-04-19,53.0,66.0,40.0,0.0,0.0,0.0
2002-04-26,40.0,45.0,34.0,0.0,0.0,0.0
2002-05-03,41.0,47.0,34.0,0.0,0.0,0.0
2002-05-10,54.0,62.0,45.0,0.0,0.0,0.0
2002-05-17,40.0,44.0,35.0,0.0,0.0,0.0
2002-05-24,52.0,63.0,41.0,0.0,0.0,0.0
2002-05-31,76.0,84.0,68.0,0.0,0.0,0.0
2002-06-07,62.0,72.0,51.0,0.0,0.0,0.0
2002-06-14,61.0,68.0,54.0,0.29,0.0,0.0
2002-06-21,71.0,77.0,64.0,0.11,0.0,0.0
2002-06-28,75.0,86.0,63.0,0.0,0.0,0.0
2002-07-05,67.0,73.0,61.0,0.0,0.0,0.0
2002-07-12,67.0,76.0,57.0,0.0,0.0,0.0
2002-07-19,69.0,74.0,63.0,0.0,0.0,0.0
2002-07-26,76.0,85.0,66.0,1.2,0.0,0.0
2002-08-02,70.0,76.0,64.0,0.0,0.0,0.0
2002-08-09,70.0,80.0,59.0,0.0,0.0,0.0
2002-08-16,75.0,81.0,69.0,0.0,0.0,0.0
2002-08-23,68.0,73.0,62.0,0.0,0.0,0.0
2002-08-30,69.0,77.0,60.0,0.0,0.0,0.0
2002-09-06,68.0,78.0,57.0,0.0,0.0,0.0
2002-09-13,67.0,75.0,58.0,0.0,0.0,0.0
2002-09-20,68.0,72.0,63.0,0.06,0.0,0.0
2002-09-27,57.0,63.0,50.0,0.0,0.0,0.0
2002-10-04,61.0,69.0,52.0,0.37,0.0,0.0
2002-10-11,56.0,67.0,45.0,0.0,0.0,0.0
2002-10-18,45.0,58.0,32.0,0.18,0.0,0.0
2002-10-25,45.0,47.0,43.0,0.43,0.0,0.0
2002-11-01,33.0,39.0,26.0,0.0,0.0,0.0
2002-11-08,56.0,62.0,49.0,0.0,0.0,0.0
2002-11-15,36.0,39.0,32.0,0.02,0.2,0.0
2002-11-22,34.0,38.0,30.0,0.0,0.0,0.0
2002-11-29,43.0,48.0,37.0,0.0,0.0,0.0
2002-12-06,21.0,32.0,10.0,0.0,0.0,2.0
2002-12-13,37.0,41.0,32.0,0.0,0.0,0.0
2002-12-20,32.0,35.0,29.0,0.01,0.1,0.0
2002-12-27,30.0,39.0,20.0,0.0,0.0,0.0
2003-01-03,26.0,34.0,17.0,0.0,0.0,0.0
2003-01-10,19.0,24.0,13.0,0.0,0.0,0.0
2003-01-17,15.0,21.0,8.0,0.0,0.0,0.0
2003-01-24,0.0,16.0,2.0,0.0,0.0,0.0
2003-01-31,32.0,36.0,27.0,0.1,1.0,1.0
2003-02-07,12.0,17.0,6.0,0.0,0.0,0.0
2003-02-14,20.0,30.0,10.0,0.0,0.0,3.0
2003-02-21,40.0,51.0,28.0,0.0,0.0,0.0
2003-02-28,26.0,38.0,13.0,0.0,0.0,0.0
2003-03-07,29.0,35.0,22.0,0.15,1.5,5.0
2003-03-14,35.0,50.0,20.0,0.0,0.0,4.0
2003-03-21,43.0,47.0,38.0,0.05,0.0,0.0
2003-03-28,44.0,53.0,35.0,0.32,0.0,0.0
2003-04-04,31.0,34.0,28.0,0.64,0.3,0.0
2003-04-11,50.0,62.0,38.0,0.0,0.0,0.0
2003-04-18,38.0,40.0,35.0,0.01,0.0,0.0
2003-04-25,44.0,49.0,39.0,0.0,0.0,0.0
2003-05-02,44.0,48.0,39.0,0.0,0.0,0.0
2003-05-09,63.0,81.0,45.0,0.63,0.0,0.0
2003-05-16,51.0,57.0,45.0,0.0,0.0,0.0
2003-05-23,52.0,57.0,46.0,0.0,0.0,0.0
2003-05-30,62.0,72.0,51.0,0.48,0.0,0.0
2003-06-06,61.0,69.0,52.0,0.05,0.0,0.0
2003-06-13,61.0,70.0,51.0,0.0,0.0,0.0
2003-06-20,59.0,70.0,47.0,0.0,0.0,0.0
2003-06-27,70.0,82.0,57.0,0.3,0.0,0.0
2003-07-04,81.0,92.0,69.0,0.04,0.0,0.0
2003-07-11,67.0,73.0,61.0,0.11,0.0,0.0
2003-07-18,63.0,68.0,57.0,0.0,0.0,0.0
2003-07-25,73.0,85.0,60.0,0.0,0.0,0.0
2003-08-01,75.0,86.0,64.0,0.05,0.0,0.0
2003-08-08,69.0,72.0,65.0,0.01,0.0,0.0
2003-08-15,81.0,89.0,72.0,0.0,0.0,0.0
2003-08-22,72.0,79.0,65.0,0.0,0.0,0.0
2003-08-29,75.0,83.0,66.0,0.02,0.0,0.0
2003-09-05,62.0,73.0,51.0,0.0,0.0,0.0
2003-09-12,70.0,76.0,64.0,0.35,0.0,0.0
2003-09-19,58.0,66.0,50.0,0.0,0.0,0.0
2003-09-26,58.0,65.0,50.0,0.24,0.0,0.0
2003-10-03,49.0,55.0,43.0,0.14,0.0,0.0
2003-10-10,62.0,73.0,50.0,0.0,0.0,0.0
2003-10-17,48.0,57.0,38.0,0.0,0.0,0.0
2003-10-24,44.0,56.0,32.0,0.59,0.0,0.0
2003-10-31,56.0,65.0,47.0,0.0,0.0,0.0
2003-11-07,31.0,39.0,22.0,0.0,0.0,0.0
2003-11-14,42.0,54.0,30.0,0.0,0.0,0.0
2003-11-21,45.0,52.0,37.0,0.0,0.0,0.0
2003-11-28,30.0,33.0,27.0,0.01,0.2,0.0
2003-12-05,37.0,42.0,31.0,0.04,0.0,0.0
2003-12-12,15.0,21.0,8.0,0.0,0.0,0.0
2003-12-19,23.0,28.0,17.0,0.02,0.2,1.0
2003-12-26,30.0,43.0,17.0,0.0,0.0,0.0
2004-01-02,42.0,54.0,29.0,0.11,0.0,0.0
2004-01-09,21.0,26.0,16.0,0.31,5.2,3.0
2004-01-16,26.0,28.0,23.0,0.0,0.0,3.0
2004-01-23,10.0,18.0,2.0,0.07,3.2,3.0
2004-01-30,-3.0,5.0,-10.0,0.0,0.0,9.0
2004-02-06,29.0,31.0,26.0,0.1,1.4,11.0
2004-02-13,20.0,29.0,11.0,0.0,0.0,8.0
2004-02-20,36.0,41.0,31.0,0.3,1.9,5.0
2004-02-27,32.0,37.0,26.0,0.0,0.0,0.0
2004-03-05,48.0,59.0,37.0,0.6,0.0,0.0
2004-03-12,22.0,31.0,12.0,0.0,0.0,0.0
2004-03-19,37.0,49.0,25.0,0.02,0.0,0.0
2004-03-26,52.0,63.0,40.0,0.5,0.0,0.0
2004-04-02,40.0,47.0,32.0,0.0,0.0,0.0
2004-04-09,43.0,51.0,34.0,0.0,0.0,0.0
2004-04-16,70.0,82.0,58.0,0.0,0.0,0.0
2004-04-23,47.0,57.0,36.0,0.0,0.0,0.0
2004-04-30,41.0,43.0,39.0,0.1,0.0,0.0
2004-05-07,45.0,48.0,41.0,0.02,0.0,0.0
2004-05-14,53.0,61.0,45.0,1.54,0.0,0.0
2004-05-21,53.0,60.0,45.0,1.15,0.0,0.0
2004-05-28,49.0,54.0,44.0,0.0,0.0,0.0
2004-06-04,54.0,65.0,43.0,0.0,0.0,0.0
2004-06-11,57.0,59.0,55.0,0.31,0.0,0.0
2004-06-18,69.0,78.0,59.0,0.0,0.0,0.0
2004-06-25,58.0,70.0,45.0,0.0,0.0,0.0
2004-07-02,64.0,69.0,59.0,0.0,0.0,0.0
2004-07-09,62.0,69.0,54.0,0.03,0.0,0.0
2004-07-16,73.0,82.0,63.0,0.21,0.0,0.0
2004-07-23,63.0,67.0,59.0,0.0,0.0,0.0
2004-07-30,73.0,79.0,67.0,0.0,0.0,0.0
2004-08-06,66.0,77.0,54.0,0.0,0.0,0.0
2004-08-13,61.0,66.0,56.0,0.01,0.0,0.0
2004-08-20,65.0,73.0,56.0,0.0,0.0,0.0
2004-08-27,77.0,84.0,69.0,0.22,0.0,0.0
2004-09-03,70.0,78.0,61.0,0.0,0.0,0.0
2004-09-10,64.0,75.0,52.0,0.0,0.0,0.0
2004-09-17,61.0,68.0,53.0,0.0,0.0,0.0
2004-09-24,68.0,79.0,57.0,0.0,0.0,0.0
2004-10-01,61.0,74.0,47.0,0.24,0.0,0.0
2004-10-08,62.0,69.0,54.0,0.17,0.0,0.0
2004-10-15,45.0,48.0,42.0,0.27,0.0,0.0
2004-10-22,54.0,58.0,50.0,0.06,0.0,0.0
2004-10-29,67.0,75.0,59.0,0.02,0.0,0.0
2004-11-05,45.0,54.0,36.0,0.0,0.0,0.0
2004-11-12,37.0,43.0,30.0,0.0,0.0,0.0
2004-11-19,50.0,53.0,47.0,0.49,0.0,0.0
2004-11-26,37.0,44.0,30.0,0.06,0.0,0.0
2004-12-03,28.0,34.0,21.0,0.0,0.0,0.0
2004-12-10,40.0,45.0,35.0,0.33,0.0,0.0
2004-12-17,25.0,31.0,19.0,0.0,0.0,0.0
2004-12-24,3.0,10.0,-4.0,0.0,0.0,0.0
2004-12-31,40.0,53.0,27.0,0.0,0.0,0.0
2005-01-07,15.0,25.0,4.0,0.0,0.1,8.0
2005-01-14,4.0,9.0,-1.0,0.0,0.0,2.0
2005-01-21,22.0,23.0,20.0,0.13,2.4,4.0
2005-01-28,15.0,29.0,0.0,0.0,0.0,12.0
2005-02-04,35.0,46.0,24.0,0.0,0.0,6.0
2005-02-11,31.0,40.0,22.0,0.01,0.2,3.0
2005-02-18,17.0,24.0,9.0,0.0,0.0,0.0
2005-02-25,30.0,35.0,25.0,0.02,0.6,2.0
2005-03-04,30.0,38.0,21.0,0.0,0.0,2.0
2005-03-11,29.0,35.0,23.0,0.09,2.3,1.0
2005-03-18,33.0,35.0,30.0,0.02,0.5,2.0
2005-03-25,34.0,38.0,29.0,0.0,0.0,0.0
2005-04-01,43.0,55.0,30.0,0.54,0.0,0.0
2005-04-08,46.0,53.0,39.0,0.0,0.0,0.0
2005-04-15,46.0,58.0,34.0,0.0,0.0,0.0
2005-04-22,41.0,45.0,37.0,0.3,0.0,0.0
2005-04-29,41.0,50.0,32.0,0.0,0.0,0.0
2005-05-06,61.0,71.0,50.0,0.36,0.0,0.0
2005-05-13,52.0,60.0,43.0,0.29,0.0,0.0
2005-05-20,54.0,62.0,46.0,0.0,0.0,0.0
2005-05-27,59.0,67.0,51.0,0.13,0.0,0.0
2005-06-03,63.0,70.0,56.0,0.01,0.0,0.0
2005-06-10,76.0,88.0,63.0,0.01,0.0,0.0
2005-06-17,58.0,63.0,53.0,0.0,0.0,0.0
2005-06-24,85.0,96.0,74.0,0.0,0.0,0.0
2005-07-01,65.0,73.0,56.0,0.0,0.0,0.0
2005-07-08,69.0,78.0,60.0,0.0,0.0,0.0
2005-07-15,76.0,82.0,70.0,0.0,0.0,0.0
2005-07-22,73.0,79.0,66.0,0.0,0.0,0.0
2005-07-29,68.0,73.0,63.0,0.0,0.0,0.0
2005-08-05,48.53,78.0,66.0,0.0,0.0,0.0
2005-08-12,48.53,83.0,69.0,0.33,0.0,0.0
2005-08-19,48.53,83.0,70.0,0.0,0.0,0.0
2005-08-26,48.53,82.0,66.0,0.01,0.0,0.0
2005-09-02,48.53,80.0,61.0,0.0,0.0,0.0
2005-09-09,48.53,77.0,62.0,0.0,0.0,0.0
2005-09-16,48.53,70.0,57.0,0.2,0.0,0.0
2005-09-23,48.53,66.0,54.0,0.0,0.0,0.0
2005-09-30,48.53,71.0,44.0,0.0,0.0,0.0
2005-10-07,48.53,50.0,42.0,0.0,0.0,0.0
2005-10-14,48.53,73.0,49.0,0.0,0.0,0.0
2005-10-21,48.53,54.0,45.0,0.0,0.0,0.0
2005-10-28,48.53,53.0,34.0,0.0,0.0,0.0
2005-11-04,48.53,65.0,47.0,0.0,0.0,0.0
2005-11-11,48.53,58.0,36.0,0.0,0.0,0.0
2005-11-18,48.53,36.0,22.0,0.0,0.0,0.0
2005-11-25,48.53,23.0,15.0,0.13,2.0,0.0
2005-12-02,48.53,21.0,13.0,0.0,0.0,1.0
2005-12-09,48.53,27.0,11.0,0.02,0.3,6.0
2005-12-16,48.53,25.0,18.0,0.01,0.2,4.0
2005-12-23,48.53,43.0,34.0,0.0,0.0,4.0
2005-12-30,48.53,36.0,31.0,0.28,1.1,0.0
2006-01-06,48.53,31.0,26.0,0.0,0.0,0.0
2006-01-13,48.53,42.0,32.0,0.13,0.3,0.0
2006-01-20,48.53,40.0,29.0,0.32,5.3,0.0
2006-01-27,48.53,47.0,35.0,0.0,0.0,0.0
2006-02-03,48.53,42.0,32.0,0.06,0.0,0.0
2006-02-10,48.53,34.0,25.0,0.02,0.5,1.0
2006-02-17,48.53,20.0,-4.0,0.0,0.0,1.0
2006-02-24,48.53,43.0,17.0,0.0,0.0,1.0
2006-03-03,48.53,32.0,22.0,0.0,0.0,1.0
2006-03-10,48.53,50.0,37.0,0.0,0.0,0.0
2006-03-17,48.53,35.0,25.0,0.0,0.0,1.0
2006-03-24,48.53,41.0,32.0,0.07,0.8,0.0
2006-03-31,48.53,64.0,43.0,0.11,0.0,0.0
2006-04-07,48.53,46.0,31.0,1.08,0.0,0.0
2006-04-14,48.53,84.0,50.0,0.0,0.0,0.0
2006-04-21,48.53,69.0,49.0,0.0,0.0,0.0
2006-04-28,48.53,55.0,39.0,0.0,0.0,0.0
2006-05-05,48.53,53.0,44.0,0.0,0.0,0.0
2006-05-12,48.53,44.0,38.0,0.29,0.0,0.0
2006-05-19,48.53,58.0,42.0,0.0,0.0,0.0
2006-05-26,48.53,78.0,52.0,0.0,0.0,0.0
2006-06-02,48.53,72.0,57.0,0.0,0.0,0.0
2006-06-09,48.53,61.0,52.0,0.0,0.0,0.0
2006-06-16,48.53,92.0,71.0,0.0,0.0,0.0
2006-06-23,48.53,68.0,54.0,0.0,0.0,0.0
2006-06-30,48.53,80.0,62.0,0.0,0.0,0.0
2006-07-07,48.53,81.0,61.0,0.0,0.0,0.0
2006-07-14,48.53,88.0,70.0,0.5,0.0,0.0
2006-07-21,48.53,72.0,65.0,0.0,0.0,0.0
2006-07-28,48.53,91.0,67.0,0.0,0.0,0.0
2006-08-04,48.53,84.0,67.0,0.0,0.0,0.0
2006-08-11,48.53,72.0,62.0,0.0,0.0,0.0
2006-08-18,48.53,79.0,68.0,0.01,0.0,0.0
2006-08-25,48.53,78.0,69.0,0.08,0.0,0.0
2006-09-01,48.53,71.0,62.0,0.0,0.0,0.0
2006-09-08,48.53,84.0,63.0,0.0,0.0,0.0
2006-09-15,48.53,74.0,53.0,0.0,0.0,0.0
2006-09-22,48.53,67.0,58.0,0.33,0.0,0.0
2006-09-29,48.53,58.0,40.0,0.0,0.0,0.0
2006-10-06,48.53,57.0,41.0,0.0,0.0,0.0
2006-10-13,48.53,44.0,34.0,0.0,0.0,0.0
2006-10-20,48.53,50.0,37.0,0.0,0.0,0.0
2006-10-27,48.53,46.0,39.0,0.0,0.0,0.0
2006-11-03,48.53,38.0,23.0,0.0,0.0,0.0
2006-11-10,48.53,45.0,33.0,0.72,0.0,0.0
2006-11-17,48.53,42.0,34.0,0.0,0.0,0.0
2006-11-24,48.53,59.0,30.0,0.0,0.0,0.0
2006-12-01,48.53,32.0,20.0,0.62,10.1,3.0
2006-12-08,48.53,20.0,6.0,0.0,0.0,5.0
2006-12-15,48.53,44.0,28.0,0.0,0.0,0.0
2006-12-22,48.53,46.0,39.0,1.45,0.0,0.0
2006-12-29,48.53,42.0,33.0,0.0,0.0,0.0
2007-01-05,48.53,53.0,38.0,0.0,0.0,0.0
2007-01-12,48.53,41.0,29.0,0.01,0.0,0.0
2007-01-19,48.53,27.0,15.0,0.0,0.0,3.0
2007-01-26,48.53,42.0,19.0,0.0,0.0,3.0
2007-02-02,48.53,11.0,4.0,0.0,0.0,5.0
2007-02-09,48.53,17.0,3.0,0.0,0.0,4.0
2007-02-16,48.53,18.0,-2.0,0.0,0.0,8.0
2007-02-23,48.53,30.0,24.0,0.03,0.8,0.0
2007-03-02,48.53,33.0,25.0,0.04,0.5,5.0
2007-03-09,48.53,48.0,29.0,0.29,0.0,5.0
2007-03-16,48.53,34.0,23.0,0.0,0.0,0.0
2007-03-23,48.53,51.0,38.0,0.02,0.0,0.0
2007-03-30,48.53,45.0,39.0,0.04,0.0,0.0
2007-04-06,48.53,34.0,22.0,0.0,0.0,0.0
2007-04-13,48.53,51.0,33.0,0.0,0.0,0.0
2007-04-20,48.53,64.0,38.0,0.0,0.0,0.0
2007-04-27,48.53,50.0,44.0,0.0,0.0,0.0
2007-05-04,48.53,58.0,45.0,0.0,0.0,0.0
2007-05-11,48.53,68.0,46.0,0.0,0.0,0.0
2007-05-18,48.53,69.0,45.0,0.0,0.0,0.0
2007-05-25,48.53,63.0,51.0,0.0,0.0,0.0
2007-06-01,48.53,74.0,60.0,0.62,0.0,0.0
2007-06-08,48.53,73.0,56.0,0.0,0.0,0.0
2007-06-15,48.53,84.0,61.0,0.0,0.0,0.0
2007-06-22,48.53,71.0,58.0,0.0,0.0,0.0
2007-06-29,48.53,67.0,52.0,0.0,0.0,0.0
2007-07-06,48.53,79.0,62.0,0.0,0.0,0.0
2007-07-13,48.53,70.0,59.0,0.0,0.0,0.0
2007-07-20,48.53,71.0,56.0,0.0,0.0,0.0
2007-07-27,48.53,80.0,68.0,0.21,0.0,0.0
2007-08-03,48.53,84.0,66.0,0.0,0.0,0.0
2007-08-10,48.53,80.0,69.0,0.0,0.0,0.0
2007-08-17,48.53,76.0,63.0,0.0,0.0,0.0
2007-08-24,48.53,79.0,67.0,0.04,0.0,0.0
2007-08-31,48.53,76.0,55.0,0.0,0.0,0.0
2007-09-07,48.53,82.0,62.0,0.03,0.0,0.0
2007-09-14,48.53,66.0,44.0,0.0,0.0,0.0
2007-09-21,48.53,87.0,58.0,0.05,0.0,0.0
2007-09-28,48.53,66.0,51.0,0.0,0.0,0.0
2007-10-05,48.53,82.0,61.0,0.0,0.0,0.0
2007-10-12,48.53,51.0,39.0,0.0,0.0,0.0
2007-10-19,48.53,60.0,54.0,0.02,0.0,0.0
2007-10-26,48.53,58.0,52.0,0.02,0.0,0.0
2007-11-02,48.53,56.0,31.0,0.0,0.0,0.0
2007-11-09,48.53,46.0,34.0,0.0,0.0,0.0
2007-11-16,48.53,40.0,26.0,0.0,0.0,0.0
2007-11-23,48.53,31.0,21.0,0.0,0.0,0.0
2007-11-30,48.53,33.0,18.0,0.0,0.0,0.0
2007-12-07,48.53,30.0,20.0,0.02,0.4,7.0
2007-12-14,48.53,26.0,15.0,0.0,0.0,7.0
2007-12-21,48.53,37.0,35.0,0.0,0.0,7.0
2007-12-28,48.53,34.0,28.0,0.39,5.5,1.0
2008-01-04,48.53,35.0,21.0,0.0,0.0,5.0
2008-01-11,48.53,35.0,29.0,0.01,0.1,1.0
2008-01-18,48.53,21.0,6.0,0.0,0.0,0.0
2008-01-25,48.53,18.0,-1.0,0.03,0.8,3.0
2008-02-01,48.53,31.0,26.0,0.15,3.0,6.0
2008-02-08,48.53,35.0,22.0,0.09,1.3,12.0
2008-02-15,48.53,21.0,10.0,0.0,0.0,12.0
2008-02-22,48.53,25.0,17.0,0.0,0.0,8.0
2008-02-29,48.53,38.0,24.0,0.18,2.4,10.0
2008-03-07,48.53,21.0,13.0,0.0,0.0,5.0
2008-03-14,48.53,51.0,33.0,0.0,0.0,2.0
2008-03-21,48.53,33.0,28.0,0.97,11.5,1.0
2008-03-28,48.53,35.0,26.0,0.0,0.0,4.0
2008-04-04,48.53,51.0,38.0,0.02,0.0,0.0
2008-04-11,48.53,58.0,40.0,0.06,0.0,0.0
2008-04-18,48.53,50.0,41.0,0.0,0.0,0.0
2008-04-25,48.53,78.0,45.0,1.2,0.0,0.0
2008-05-02,48.53,70.0,45.0,0.45,0.0,0.0
2008-05-09,48.53,56.0,41.0,0.0,0.0,0.0
2008-05-16,48.53,72.0,42.0,0.0,0.0,0.0
2008-05-23,48.53,53.0,43.0,0.0,0.0,0.0
2008-05-30,48.53,77.0,49.0,1.39,0.0,0.0
2008-06-06,48.53,86.0,60.0,0.07,0.0,0.0
2008-06-13,48.53,77.0,65.0,0.47,0.0,0.0
2008-06-20,48.53,83.0,60.0,0.09,0.0,0.0
2008-06-27,48.53,82.0,68.0,0.34,0.0,0.0
2008-07-04,48.53,71.0,50.0,0.0,0.0,0.0
2008-07-11,48.53,78.0,64.0,0.31,0.0,0.0
2008-07-18,48.53,84.0,73.0,0.0,0.0,0.0
2008-07-25,48.53,80.0,61.0,0.0,0.0,0.0
2008-08-01,48.53,84.0,67.0,0.0,0.0,0.0
2008-08-08,48.53,76.0,62.0,0.0,0.0,0.0
2008-08-15,48.53,75.0,61.0,0.0,0.0,0.0
2008-08-22,48.53,86.0,71.0,0.01,0.0,0.0
2008-08-29,48.53,81.0,62.0,0.0,0.0,0.0
2008-09-05,48.53,71.0,59.0,0.0,0.0,0.0
2008-09-12,48.53,77.0,65.0,0.09,0.0,0.0
2008-09-19,48.53,79.0,57.0,0.0,0.0,0.0
2008-09-26,48.53,76.0,56.0,0.0,0.0,0.0
2008-10-03,48.53,55.0,40.0,0.0,0.0,0.0
2008-10-10,48.53,65.0,42.0,0.0,0.0,0.0
2008-10-17,48.53,53.0,42.0,0.0,0.0,0.0
2008-10-24,48.53,54.0,44.0,0.41,0.0,0.0
2008-10-31,48.53,71.0,49.0,0.0,0.0,0.0
2008-11-07,48.53,49.0,36.0,0.0,0.0,0.0
2008-11-14,48.53,51.0,42.0,0.12,0.0,0.0
2008-11-21,48.53,28.0,17.0,0.0,0.0,0.0
2008-11-28,48.53,41.0,24.0,0.0,0.0,0.0
2008-12-05,48.53,21.0,6.0,0.01,0.2,3.0
2008-12-12,48.53,18.0,7.0,0.0,0.0,4.0
2008-12-19,48.53,32.0,24.0,0.74,11.4,6.0
2008-12-26,48.53,51.0,28.0,0.04,0.0,12.0
2009-01-02,48.53,28.0,14.0,0.0,0.0,1.0
2009-01-09,48.53,30.0,13.0,0.29,3.0,3.0
2009-01-16,48.53,5.0,-12.0,0.0,0.0,5.0
2009-01-23,48.53,29.0,12.0,0.0,0.0,5.0
2009-01-30,48.53,15.0,6.0,0.0,0.0,5.0
2009-02-06,48.53,37.0,12.0,0.0,0.0,4.0
2009-02-13,48.53,36.0,26.0,0.09,1.2,0.0
2009-02-20,48.53,27.0,11.0,0.0,0.0,0.0
2009-02-27,48.53,31.0,19.0,0.02,0.0,0.0
2009-03-06,48.53,58.0,32.0,0.0,0.0,0.0
2009-03-13,48.53,39.0,18.0,0.0,0.0,0.0
2009-03-20,48.53,34.0,24.0,0.0,0.0,0.0
2009-03-27,48.53,42.0,29.0,0.0,0.0,0.0
2009-04-03,48.53,49.0,34.0,0.07,0.0,0.0
2009-04-10,48.53,42.0,35.0,0.0,0.0,0.0
2009-04-17,48.53,68.0,33.0,0.0,0.0,0.0
2009-04-24,48.53,84.0,44.0,0.0,0.0,0.0
2009-05-01,48.53,60.0,49.0,0.0,0.0,0.0
2009-05-08,48.53,77.0,53.0,0.47,0.0,0.0
2009-05-15,48.53,62.0,48.0,0.0,0.0,0.0
2009-05-22,48.53,61.0,48.0,0.0,0.0,0.0
2009-05-29,48.53,67.0,51.0,0.0,0.0,0.0
2009-06-05,48.53,80.0,51.0,0.0,0.0,0.0
2009-06-12,48.53,69.0,50.0,0.0,0.0,0.0
2009-06-19,48.53,82.0,65.0,2.25,0.0,0.0
2009-06-26,48.53,78.0,63.0,0.0,0.0,0.0
2009-07-03,48.53,76.0,62.0,0.0,0.0,0.0
2009-07-10,48.53,86.0,63.0,0.0,0.0,0.0
2009-07-17,48.53,66.0,57.0,0.0,0.0,0.0
2009-07-24,48.53,80.0,64.0,0.0,0.0,0.0
2009-07-31,48.53,81.0,58.0,0.0,0.0,0.0
2009-08-07,48.53,75.0,60.0,0.41,0.0,0.0
2009-08-14,48.53,87.0,67.0,0.0,0.0,0.0
2009-08-21,48.53,70.0,59.0,0.35,0.0,0.0
2009-08-28,48.53,67.0,58.0,0.06,0.0,0.0
2009-09-04,48.53,72.0,49.0,0.0,0.0,0.0
2009-09-11,48.53,76.0,60.0,0.0,0.0,0.0
2009-09-18,48.53,72.0,56.0,0.0,0.0,0.0
2009-09-25,48.53,70.0,62.0,0.25,0.0,0.0
2009-10-02,48.53,57.0,46.0,0.13,0.0,0.0
2009-10-09,48.53,49.0,39.0,0.15,0.0,0.0
2009-10-16,48.53,46.0,38.0,0.15,0.0,0.0
2009-10-23,48.53,57.0,43.0,1.33,0.0,0.0
2009-10-30,48.53,68.0,47.0,0.7,0.0,0.0
2009-11-06,48.53,58.0,40.0,0.0,0.0,0.0
2009-11-13,48.53,58.0,42.0,0.0,0.0,0.0
2009-11-20,48.53,54.0,43.0,0.0,0.0,0.0
2009-11-27,48.53,41.0,30.0,0.0,0.0,0.0
2009-12-04,48.53,28.0,20.0,0.0,0.0,1.0
2009-12-11,48.53,19.0,6.0,0.0,0.0,1.0
2009-12-18,48.53,36.0,29.0,0.0,0.0,0.0
2009-12-25,48.53,42.0,23.0,0.96,0.0,2.0
2010-01-01,48.53,19.0,10.0,0.0,0.0,1.0
2010-01-08,48.53,25.0,14.0,0.01,0.6,8.0
2010-01-15,48.53,31.0,25.0,0.0,0.0,4.0
2010-01-22,48.53,35.0,32.0,0.0,0.0,3.0
2010-01-29,48.53,17.0,3.0,0.0,0.0,0.0
2010-02-05,48.53,35.0,32.0,0.0,0.0,1.0
2010-02-12,48.53,30.0,11.0,0.0,0.0,7.0
2010-02-19,48.53,38.0,21.0,0.0,0.0,5.0
2010-02-26,48.53,34.0,18.0,0.0,0.0,6.0
2010-03-05,48.53,36.0,23.0,0.0,0.0,4.0
2010-03-12,48.53,52.0,39.0,0.0,0.0,0.0
2010-03-19,48.53,61.0,35.0,0.07,0.0,0.0
2010-03-26,48.53,33.0,27.0,0.0,0.0,0.0
2010-04-02,48.53,81.0,60.0,0.0,0.0,0.0
2010-04-09,48.53,53.0,29.0,0.0,0.0,0.0
2010-04-16,48.53,67.0,41.0,0.0,0.0,0.0
2010-04-23,48.53,55.0,36.0,0.0,0.0,0.0
2010-04-30,48.53,80.0,53.0,0.15,0.0,0.0
2010-05-07,48.53,47.0,43.0,0.68,0.0,0.0
2010-05-14,48.53,66.0,47.0,0.0,0.0,0.0
2010-05-21,48.53,68.0,53.0,0.39,0.0,0.0
2010-05-28,48.53,70.0,57.0,0.0,0.0,0.0
2010-06-04,48.53,81.0,56.0,0.15,0.0,0.0
2010-06-11,48.53,88.0,59.0,0.02,0.0,0.0
2010-06-18,48.53,89.0,68.0,0.33,0.0,0.0
2010-06-25,48.53,84.0,64.0,0.0,0.0,0.0
2010-07-02,48.53,83.0,59.0,0.0,0.0,0.0
2010-07-09,48.53,84.0,71.0,0.0,0.0,0.0
2010-07-16,48.53,90.0,69.0,0.0,0.0,0.0
2010-07-23,48.53,88.0,72.0,0.22,0.0,0.0
2010-07-30,48.53,78.0,62.0,0.0,0.0,0.0
2010-08-06,48.53,81.0,63.0,0.0,0.0,0.0
2010-08-13,48.53,87.0,73.0,0.06,0.0,0.0
2010-08-20,48.53,91.0,69.0,0.66,0.0,0.0
2010-08-27,48.53,84.0,60.0,0.0,0.0,0.0
2010-09-03,48.53,66.0,55.0,0.0,0.0,0.0
2010-09-10,48.53,67.0,52.0,0.0,0.0,0.0
2010-09-17,48.53,68.0,49.0,0.0,0.0,0.0
2010-09-24,48.53,80.0,58.0,0.01,0.0,0.0
2010-10-01,48.53,73.0,46.0,0.03,0.0,0.0
2010-10-08,48.53,81.0,48.0,0.0,0.0,0.0
2010-10-15,48.53,61.0,42.0,0.0,0.0,0.0
2010-10-22,48.53,63.0,32.0,0.0,0.0,0.0
2010-10-29,48.53,51.0,31.0,0.0,0.0,0.0
2010-11-05,48.53,38.0,30.0,0.0,0.0,0.0
2010-11-12,48.53,54.0,46.0,0.0,0.0,0.0
2010-11-19,48.53,47.0,31.0,0.0,0.0,0.0
2010-11-26,48.53,32.0,18.0,0.0,0.0,0.0
2010-12-03,48.53,28.0,17.0,0.0,0.0,0.0
2010-12-10,48.53,39.0,24.0,0.0,0.0,3.0
2010-12-17,48.53,26.0,13.0,0.0,0.0,0.0
2010-12-24,48.53,32.0,26.0,0.0,0.0,0.0
2010-12-31,48.53,54.0,46.0,0.01,0.0,0.0
2011-01-07,48.53,21.0,11.0,0.02,0.6,1.0
2011-01-14,48.53,23.0,18.0,0.09,1.2,1.0
2011-01-21,48.53,9.0,-5.0,0.0,0.0,5.0
2011-01-28,48.53,31.0,24.0,0.0,0.0,7.0
2011-02-04,48.53,24.0,8.0,0.0,0.0,15.0
2011-02-11,48.53,29.0,2.0,0.01,0.2,13.0
2011-02-18,48.53,50.0,31.0,0.0,0.0,1.0
2011-02-25,48.53,33.0,24.0,0.06,0.8,3.0
2011-03-04,48.53,37.0,32.0,0.52,0.1,1.0
2011-03-11,48.53,45.0,26.0,0.0,0.0,0.0
2011-03-18,48.53,50.0,35.0,0.0,0.0,0.0
2011-03-25,48.53,34.0,20.0,0.01,0.2,0.0
2011-04-01,48.53,46.0,32.0,0.0,0.0,0.0
2011-04-08,48.53,48.0,39.0,0.14,0.0,0.0
2011-04-15,48.53,44.0,36.0,1.49,0.0,0.0
2011-04-22,48.53,41.0,38.0,0.61,0.0,0.0
2011-04-29,48.53,57.0,38.0,0.0,0.0,0.0
2011-05-06,48.53,66.0,47.0,0.0,0.0,0.0
2011-05-13,48.53,68.0,45.0,0.0,0.0,0.0
2011-05-20,48.53,66.0,47.0,0.0,0.0,0.0
2011-05-27,48.53,58.0,40.0,0.0,0.0,0.0
2011-06-03,48.53,79.0,50.0,0.0,0.0,0.0
2011-06-10,48.53,54.0,47.0,0.26,0.0,0.0
2011-06-17,48.53,70.0,53.0,0.0,0.0,0.0
2011-06-24,48.53,70.0,57.0,0.0,0.0,0.0
2011-07-01,48.53,88.0,67.0,0.0,0.0,0.0
2011-07-08,48.53,81.0,59.0,0.0,0.0,0.0
2011-07-15,48.53,81.0,65.0,0.0,0.0,0.0
2011-07-22,48.53,86.0,71.0,0.34,0.0,0.0
2011-07-29,48.53,83.0,71.0,0.0,0.0,0.0
2011-08-05,48.53,79.0,70.0,0.0,0.0,0.0
2011-08-12,48.53,81.0,60.0,0.0,0.0,0.0
2011-08-19,48.53,84.0,62.0,0.0,0.0,0.0
2011-08-26,48.53,81.0,57.0,0.0,0.0,0.0
2011-09-02,48.53,90.0,73.0,0.0,0.0,0.0
2011-09-09,48.53,73.0,62.0,0.0,0.0,0.0
2011-09-16,48.53,60.0,44.0,0.0,0.0,0.0
2011-09-23,48.53,60.0,46.0,0.0,0.0,0.0
2011-09-30,48.53,59.0,44.0,0.02,0.0,0.0
2011-10-07,48.53,80.0,52.0,0.0,0.0,0.0
2011-10-14,48.53,59.0,48.0,0.0,0.0,0.0
2011-10-21,48.53,55.0,38.0,0.0,0.0,0.0
2011-10-28,48.53,55.0,35.0,0.0,0.0,0.0
2011-11-04,48.53,49.0,37.0,0.0,0.0,0.0
2011-11-11,48.53,43.0,29.0,0.0,0.0,0.0
2011-11-18,48.53,51.0,26.0,0.0,0.0,0.0
2011-11-25,48.53,53.0,43.0,0.0,0.0,0.0
2011-12-02,48.53,39.0,31.0,0.0,0.1,0.0
2011-12-09,48.53,27.0,16.0,0.0,0.0,0.0
2011-12-16,48.53,33.0,24.0,0.0,0.0,0.0
2011-12-23,48.53,31.0,19.0,0.0,0.1,0.0
2011-12-30,48.53,40.0,27.0,0.66,0.0,0.0
2012-01-06,48.53,51.0,38.0,0.0,0.0,0.0
2012-01-13,48.53,22.0,18.0,0.05,0.6,6.0
2012-01-20,48.53,14.0,-1.0,0.25,2.0,3.0
2012-01-27,48.53,42.0,31.0,0.0,0.1,0.0
2012-02-03,48.53,37.0,31.0,0.0,0.0,0.0
2012-02-10,48.53,33.0,10.0,0.04,1.9,0.0
2012-02-17,48.53,40.0,26.0,0.01,0.1,0.0
2012-02-24,48.53,35.0,27.0,0.5,4.7,5.0
2012-03-02,48.53,38.0,32.0,0.64,4.2,0.0
2012-03-09,48.53,35.0,25.0,0.0,0.0,0.0
2012-03-16,48.53,58.0,45.0,0.0,0.0,0.0
2012-03-23,48.53,56.0,47.0,0.75,0.0,0.0
2012-03-30,48.53,41.0,37.0,0.38,0.0,0.0
2012-04-06,48.53,48.0,33.0,0.0,0.0,0.0
2012-04-13,48.53,58.0,33.0,0.0,0.0,0.0
2012-04-20,48.53,44.0,39.0,0.23,0.0,0.0
2012-04-27,48.53,48.0,33.0,0.0,0.0,0.0
2012-05-04,48.53,70.0,46.0,0.0,0.0,0.0
2012-05-11,48.53,77.0,49.0,0.0,0.0,0.0
2012-05-18,48.53,77.0,52.0,0.0,0.0,0.0
2012-05-25,48.53,76.0,61.0,0.01,0.0,0.0
2012-06-01,48.53,61.0,48.0,0.01,0.0,0.0
2012-06-08,48.53,87.0,64.0,0.0,0.0,0.0
2012-06-15,48.53,86.0,57.0,0.0,0.0,0.0
2012-06-22,48.53,79.0,61.0,0.0,0.0,0.0
2012-06-29,48.53,86.0,68.0,0.0,0.0,0.0
2012-07-06,48.53,94.0,76.0,0.0,0.0,0.0
2012-07-13,48.53,89.0,69.0,0.72,0.0,0.0
2012-07-20,48.53,77.0,66.0,0.0,0.0,0.0
2012-07-27,48.53,80.0,68.0,0.36,0.0,0.0
2012-08-03,48.53,85.0,71.0,0.0,0.0,0.0
2012-08-10,48.53,73.0,60.0,0.02,0.0,0.0
2012-08-17,48.53,74.0,57.0,0.0,0.0,0.0
2012-08-24,48.53,88.0,70.0,0.0,0.0,0.0
2012-08-31,48.53,92.0,68.0,0.0,0.0,0.0
2012-09-07,48.53,77.0,57.0,0.19,0.0,0.0
2012-09-14,48.53,75.0,50.0,0.0,0.0,0.0
2012-09-21,48.53,58.0,49.0,0.1,0.0,0.0
2012-09-28,48.53,64.0,49.0,0.0,0.0,0.0
2012-10-05,48.53,52.0,40.0,0.0,0.0,0.0
2012-10-12,48.53,50.0,34.0,0.0,0.0,0.0
2012-10-19,48.53,50.0,42.0,0.0,0.0,0.0
2012-10-26,48.53,49.0,36.0,0.0,0.0,0.0
2012-11-02,48.53,44.0,33.0,0.0,0.0,0.0
2012-11-09,48.53,48.0,32.0,0.0,0.0,0.0
2012-11-16,48.53,48.0,31.0,0.0,0.0,0.0
2012-11-23,48.53,44.0,27.0,0.0,0.0,0.0
2012-11-30,48.53,44.0,40.0,0.0,0.0,0.0
2012-12-07,48.53,43.0,36.0,0.0,0.0,0.0
2012-12-14,48.53,44.0,25.0,0.0,0.0,0.0
2012-12-21,48.53,34.0,19.0,0.0,0.2,2.0
2012-12-28,48.53,33.0,28.0,0.01,0.3,1.0
2013-01-04,48.53,30.0,13.0,0.0,0.0,2.0
2013-01-11,48.53,51.0,38.0,0.28,0.0,0.0
2013-01-18,48.53,42.0,14.0,0.0,0.0,0.0
2013-01-25,48.53,25.0,17.0,0.05,1.0,1.0
2013-02-01,48.53,9.0,-1.0,0.02,0.5,1.0
2013-02-08,48.53,26.0,19.0,0.01,0.3,7.0
2013-02-15,48.53,30.0,16.0,0.02,0.4,1.0
2013-02-22,48.53,32.0,25.0,0.29,4.7,4.0
2013-03-01,48.53,27.0,23.0,0.0,0.0,7.0
2013-03-08,48.53,36.0,18.0,0.0,0.0,8.0
2013-03-15,48.53,38.0,29.0,0.05,0.7,2.0
2013-03-22,48.53,33.0,18.0,0.0,0.0,2.0
2013-03-29,48.53,49.0,29.0,0.0,0.0,0.0
2013-04-05,40.0,42.0,33.0,0.0,0.0,0.0
2013-04-12,39.0,43.0,36.0,0.06,0.0,0.0
2013-04-19,40.0,41.0,31.0,0.0,0.2,0.0
2013-04-26,51.0,68.0,37.0,0.0,0.0,0.0
2013-05-03,40.0,44.0,37.0,0.01,0.0,0.0
2013-05-10,42.0,44.0,41.0,0.83,0.0,0.0
2013-05-17,51.0,56.0,46.0,0.53,0.0,0.0
2013-05-24,45.0,51.0,38.0,0.0,0.0,0.0
2013-05-31,71.0,80.0,62.0,0.11,0.0,0.0
2013-06-07,58.0,66.0,49.0,0.0,0.0,0.0
2013-06-14,59.0,67.0,53.0,0.0,0.0,0.0
2013-06-21,71.0,78.0,65.0,0.88,0.0,0.0
2013-06-28,72.0,80.0,64.0,0.06,0.0,0.0
2013-07-05,74.0,84.0,67.0,0.0,0.0,0.0
2013-07-12,69.0,78.0,56.0,0.0,0.0,0.0
2013-07-19,87.0,94.0,79.0,0.0,0.0,0.0
2013-07-26,69.0,72.0,63.0,0.27,0.0,0.0
2013-08-02,71.0,82.0,63.0,0.45,0.0,0.0
2013-08-09,70.0,81.0,59.0,0.0,0.0,0.0
2013-08-16,69.0,77.0,61.0,0.0,0.0,0.0
2013-08-23,68.0,76.0,58.0,0.0,0.0,0.0
2013-08-30,77.0,95.0,68.0,0.0,0.0,0.0
2013-09-06,67.0,84.0,53.0,0.0,0.0,0.0
2013-09-13,58.0,62.0,49.0,0.0,0.0,0.0
2013-09-20,70.0,75.0,60.0,0.0,0.0,0.0
2013-09-27,61.0,74.0,50.0,0.0,0.0,0.0
2013-10-04,65.0,69.0,60.0,0.05,0.0,0.0
2013-10-11,60.0,69.0,50.0,0.0,0.0,0.0
2013-10-18,46.0,51.0,41.0,0.0,0.0,0.0
2013-10-25,40.0,51.0,32.0,0.0,0.0,0.0
2013-11-01,47.0,48.0,44.0,0.06,0.0,0.0
2013-11-08,37.0,47.0,26.0,0.0,0.0,0.0
2013-11-15,44.0,54.0,39.0,0.0,0.0,0.0
2013-11-22,38.0,42.0,28.0,0.03,0.0,0.0
2013-11-29,24.0,33.0,16.0,0.0,0.0,0.0
2013-12-06,17.0,18.0,10.0,0.0,0.0,0.0
2013-12-13,21.0,29.0,16.0,0.0,0.1,2.0
2013-12-20,32.0,33.0,28.0,0.05,0.1,2.0
2013-12-27,26.0,39.0,15.0,0.0,0.0,9.1
2014-01-03,5.0,19.0,-4.0,0.0,0.0,9.1
2014-01-10,27.0,39.0,24.0,0.48,0.0,7.1
2014-01-17,18.0,22.0,10.0,0.0,0.7,5.1
2014-01-24,5.0,28.0,-7.0,0.04,1.0,7.1
2014-01-31,19.0,21.0,10.0,0.0,0.0,9.1
2014-02-07,4.0,13.0,-3.0,0.0,0.0,9.8
2014-02-14,21.0,24.0,13.0,0.0,0.0,9.8
2014-02-21,31.0,37.0,21.0,0.08,0.9,9.8
2014-02-28,8.0,26.0,-2.0,0.01,0.1,7.9
2014-03-07,27.0,44.0,17.0,0.02,0.1,11.0
2014-03-14,42.0,53.0,38.0,0.0,0.0,0.0
2014-03-21,33.0,41.0,26.0,0.0,0.0,0.0
2014-03-28,41.0,50.0,32.0,0.15,0.1,0.0
2014-04-04,37.0,42.0,32.0,0.03,0.0,0.0
2014-04-11,54.0,67.0,34.0,0.0,0.0,0.0
2014-04-18,42.0,44.0,34.0,0.0,0.0,0.0
2014-04-25,51.0,67.0,41.0,0.05,0.0,0.0
2014-05-02,49.0,52.0,47.0,0.03,0.0,0.0
2014-05-09,70.0,73.0,53.0,0.28,0.0,0.0
2014-05-16,40.0,48.0,36.0,0.0,0.0,0.0
2014-05-23,55.0,62.0,44.0,0.0,0.0,0.0
2014-05-30,59.0,74.0,50.0,0.0,0.0,0.0
2014-06-06,68.0,77.0,58.0,0.0,0.0,0.0
2014-06-13,64.0,72.0,53.0,0.0,0.0,0.0
2014-06-20,61.0,76.0,54.0,0.09,0.0,0.0
2014-06-27,61.0,75.0,53.0,0.0,0.0,0.0
2014-07-04,65.0,72.0,56.0,0.0,0.0,0.0
2014-07-11,68.0,80.0,59.0,0.0,0.0,0.0
2014-07-18,67.0,74.0,57.0,0.0,0.0,0.0
2014-07-25,65.0,75.0,59.0,0.0,0.0,0.0
2014-08-01,73.0,83.0,59.0,0.83,0.0,0.0
2014-08-08,69.0,77.0,62.0,0.0,0.0,0.0
2014-08-15,65.0,79.0,56.0,0.0,0.0,0.0
2014-08-22,73.0,83.0,69.0,0.0,0.0,0.0
2014-08-29,72.0,82.0,68.0,0.13,0.0,0.0
2014-09-05,76.0,82.0,63.0,0.0,0.0,0.0
2014-09-12,48.0,50.0,42.0,0.16,0.0,0.0
2014-09-19,60.0,73.0,51.0,0.0,0.0,0.0
2014-09-26,62.0,70.0,55.0,0.0,0.0,0.0
2014-10-03,60.0,66.0,44.0,0.77,0.0,0.0
2014-10-10,47.0,54.0,40.0,0.0,0.0,0.0
2014-10-17,54.0,61.0,47.0,0.02,0.0,0.0
2014-10-24,53.0,62.0,50.0,0.0,0.0,0.0
2014-10-31,40.0,45.0,33.0,0.02,0.1,0.0
2014-11-07,38.0,45.0,33.0,0.0,0.0,0.0
2014-11-14,25.0,28.0,18.0,0.0,0.0,0.0
2014-11-21,19.0,33.0,9.0,0.0,0.0,0.0
2014-11-28,19.0,33.0,14.0,0.03,0.2,2.0
2014-12-05,35.0,39.0,31.0,0.0,0.0,0.0
2014-12-12,29.0,36.0,24.0,0.0,0.0,0.0
2014-12-19,29.0,31.0,25.0,0.0,0.0,0.0
2014-12-26,41.0,49.0,36.0,0.0,0.0,0.0
2015-01-02,26.0,32.0,17.0,0.0,0.0,0.0
2015-01-09,7.0,9.0,0.0,0.0,0.0,7.9
2015-01-16,30.0,32.0,26.0,0.0,0.0,7.1
2015-01-23,29.0,33.0,26.0,0.0,0.0,0.0
2015-01-30,25.0,28.0,18.0,0.0,0.0,0.0
2015-02-06,17.0,28.0,14.0,0.0,0.0,9.8
2015-02-13,11.0,26.0,3.0,0.0,0.0,5.1
2015-02-20,3.0,19.0,-6.0,0.02,0.6,5.9
2015-02-27,9.0,18.0,0.0,0.0,0.0,9.1
2015-03-06,12.0,28.0,0.0,0.0,0.0,9.1
2015-03-13,45.0,65.0,34.0,0.0,0.0,0.0
2015-03-20,41.0,55.0,30.0,0.0,0.0,0.0
2015-03-27,26.0,29.0,18.0,0.01,0.3,0.0
2015-04-03,47.0,53.0,28.0,0.0,0.0,0.0
2015-04-10,44.0,56.0,38.0,0.17,0.0,0.0
2015-04-17,56.0,76.0,46.0,0.0,0.0,0.0
2015-04-24,40.0,49.0,30.0,0.15,0.0,0.0
2015-05-01,49.0,61.0,39.0,0.0,0.0,0.0
2015-05-08,72.0,80.0,63.0,0.24,0.0,0.0
2015-05-15,58.0,75.0,47.0,0.01,0.0,0.0
2015-05-22,53.0,57.0,43.0,0.0,0.0,0.0
2015-05-29,68.0,80.0,59.0,0.11,0.0,0.0
2015-06-05,61.0,64.0,50.0,0.0,0.0,0.0
2015-06-12,54.0,59.0,52.0,0.64,0.0,0.0
2015-06-19,56.0,63.0,50.0,0.0,0.0,0.0
2015-06-26,60.0,65.0,55.0,0.0,0.0,0.0
2015-07-03,62.0,74.0,52.0,0.0,0.0,0.0
2015-07-10,69.0,78.0,57.0,0.0,0.0,0.0
2015-07-17,74.0,91.0,66.0,0.0,0.0,0.0
2015-07-24,76.0,85.0,66.0,0.0,0.0,0.0
2015-07-31,78.0,85.0,68.0,0.0,0.0,0.0
2015-08-07,70.0,79.0,66.0,0.06,0.0,0.0
2015-08-14,80.0,93.0,67.0,0.18,0.0,0.0
2015-08-21,67.0,83.0,55.0,0.0,0.0,0.0
2015-08-28,65.0,74.0,56.0,0.13,0.0,0.0
2015-09-04,69.0,77.0,64.0,0.0,0.0,0.0
2015-09-11,61.0,64.0,54.0,0.0,0.0,0.0
2015-09-18,67.0,72.0,61.0,0.87,0.0,0.0
2015-09-25,63.0,69.0,59.0,0.0,0.0,0.0
2015-10-02,54.0,57.0,51.0,0.0,0.0,0.0
2015-10-09,58.0,60.0,45.0,0.0,0.0,0.0
2015-10-16,48.0,52.0,36.0,0.0,0.0,0.0
2015-10-23,52.0,60.0,50.0,0.3,0.0,0.0
2015-10-30,46.0,54.0,39.0,0.01,0.0,0.0
2015-11-06,55.0,64.0,42.0,0.24,0.0,0.0
2015-11-13,42.0,43.0,34.0,0.0,0.0,0.0
2015-11-20,36.0,40.0,31.0,0.09,0.8,0.0
2015-11-27,40.0,40.0,30.0,0.33,0.0,0.0
2015-12-04,38.0,50.0,33.0,0.0,0.0,0.0
2015-12-11,44.0,47.0,38.0,0.0,0.0,0.0
2015-12-18,26.0,29.0,23.0,0.0,0.0,0.0
2015-12-25,35.0,38.0,29.0,0.0,0.0,0.0
2016-01-01,23.0,28.0,19.0,0.0,0.0,5.1
2016-01-08,38.0,39.0,37.0,0.08,0.0,3.9
2016-01-15,35.0,39.0,29.0,0.0,0.0,3.1
2016-01-22,25.0,28.0,23.0,0.0,0.0,2.0
2016-01-29,24.0,32.0,16.0,0.0,0.0,1.2
2016-02-05,28.0,32.0,25.0,0.0,0.0,0.0
2016-02-12,17.0,20.0,3.0,0.0,0.0,3.1
2016-02-19,44.0,57.0,37.0,0.0,0.0,1.2
2016-02-26,30.0,34.0,25.0,0.0,0.0,0.0
2016-03-04,27.0,37.0,11.0,0.1,1.5,1.2
2016-03-11,38.0,44.0,30.0,0.0,0.0,0.0
2016-03-18,39.0,41.0,33.0,0.08,0.3,0.0
2016-03-25,31.0,41.0,24.0,0.0,0.0,2.0
2016-04-01,42.0,52.0,36.0,0.03,0.0,0.0
2016-04-08,36.0,40.0,24.0,0.15,1.6,0.0
2016-04-15,46.0,55.0,37.0,0.0,0.0,0.0
2016-04-22,47.0,56.0,39.0,0.0,0.0,0.0
2016-04-29,42.0,47.0,39.0,0.02,0.0,0.0
2016-05-06,61.0,85.0,45.0,0.0,0.0,0.0
2016-05-13,58.0,64.0,44.0,0.2,0.0,0.0
2016-05-20,56.0,63.0,44.0,0.0,0.0,0.0
2016-05-27,72.0,79.0,65.0,0.14,0.0,0.0
2016-06-03,67.0,77.0,56.0,0.0,0.0,0.0
2016-06-10,71.0,91.0,61.0,0.06,0.0,0.0
2016-06-17,68.0,79.0,60.0,0.0,0.0,0.0
2016-06-24,68.0,79.0,61.0,0.0,0.0,0.0
2016-07-01,65.0,68.0,59.0,0.0,0.0,0.0
2016-07-08,75.0,86.0,65.0,0.0,0.0,0.0
2016-07-15,69.0,70.0,60.0,0.0,0.0,0.0
2016-07-22,80.0,90.0,72.0,0.0,0.0,0.0
2016-07-29,70.0,76.0,67.0,0.0,0.0,0.0
2016-08-05,79.0,86.0,72.0,0.0,0.0,0.0
2016-08-12,79.0,81.0,74.0,0.2,0.0,0.0
2016-08-19,78.0,88.0,69.0,0.22,0.0,0.0
2016-08-26,72.0,76.0,65.0,0.0,0.0,0.0
2016-09-02,68.0,72.0,62.0,0.0,0.0,0.0
2016-09-09,72.0,79.0,61.0,0.0,0.0,0.0
2016-09-16,73.0,85.0,68.0,0.05,0.0,0.0
2016-09-23,67.0,71.0,63.0,0.03,0.0,0.0
2016-09-30,61.0,64.0,59.0,0.57,0.0,0.0
2016-10-07,64.0,71.0,49.0,0.01,0.0,0.0
2016-10-14,50.0,63.0,39.0,0.0,0.0,0.0
2016-10-21,47.0,52.0,38.0,0.0,0.0,0.0
2016-10-28,49.0,66.0,42.0,0.0,0.0,0.0
2016-11-04,52.0,62.0,41.0,0.0,0.0,0.0
2016-11-11,52.0,54.0,37.0,0.0,0.0,0.0
2016-11-18,62.0,68.0,40.0,0.0,0.0,0.0
2016-11-25,38.0,41.0,36.0,0.0,0.0,0.0
2016-12-02,37.0,39.0,33.0,0.01,0.0,0.0
2016-12-09,24.0,28.0,20.0,0.0,0.0,0.0
2016-12-16,12.0,23.0,8.0,0.37,3.7,5.9
2016-12-23,31.0,36.0,26.0,0.19,0.6,9.8
2016-12-30,30.0,37.0,25.0,0.0,0.0,0.0
2017-01-06,3.0,8.0,0.0,0.0,0.0,0.0
2017-01-13,16.0,26.0,10.0,0.0,0.0,0.0
2017-01-20,38.0,39.0,37.0,0.43,0.0,0.0
2017-01-27,29.0,32.0,24.0,0.0,0.0,0.0
2017-02-03,17.0,24.0,12.0,0.0,0.0,0.0
2017-02-10,27.0,42.0,21.0,0.0,0.0,0.0
2017-02-17,42.0,64.0,28.0,0.0,0.0,0.0
2017-02-24,36.0,39.0,28.0,0.89,0.2,0.0
2017-03-03,24.0,30.0,16.0,0.0,0.0,0.0
2017-03-10,28.0,32.0,19.0,0.0,0.0,0.0
2017-03-17,35.0,41.0,34.0,0.2,0.1,3.9
2017-03-24,47.0,65.0,38.0,0.0,0.0,0.0
2017-03-31,39.0,45.0,35.0,0.0,0.0,0.0
2017-04-07,43.0,52.0,36.0,0.0,0.0,0.0
2017-04-14,46.0,57.0,41.0,0.1,0.0,0.0
2017-04-21,49.0,54.0,41.0,0.0,0.0,0.0
2017-04-28,45.0,54.0,39.0,0.0,0.0,0.0
2017-05-05,47.0,51.0,42.0,0.0,0.0,0.0
2017-05-12,55.0,59.0,47.0,0.0,0.0,0.0
2017-05-19,45.0,48.0,41.0,0.15,0.0,0.0
2017-05-26,56.0,62.0,50.0,0.09,0.0,0.0
2017-06-02,69.0,82.0,58.0,0.0,0.0,0.0
2017-06-09,68.0,77.0,59.0,0.0,0.0,0.0
2017-06-16,78.0,86.0,72.0,0.04,0.0,0.0
2017-06-23,72.0,82.0,65.0,1.42,0.0,0.0
2017-06-30,73.0,81.0,67.0,0.0,0.0,0.0
2017-07-07,77.0,85.0,61.0,0.08,0.0,0.0
2017-07-14,67.0,71.0,62.0,0.0,0.0,0.0
2017-07-21,77.0,83.0,66.0,0.38,0.0,0.0
2017-07-28,71.0,77.0,66.0,0.0,0.0,0.0
2017-08-04,63.0,68.0,56.0,0.0,0.0,0.0
2017-08-11,70.0,77.0,65.0,0.0,0.0,0.0
2017-08-18,72.0,80.0,69.0,0.0,0.0,0.0
2017-08-25,63.0,70.0,53.0,0.0,0.0,0.0
2017-09-01,63.0,66.0,57.0,0.0,0.0,0.0
2017-09-08,60.0,65.0,55.0,0.22,0.0,0.0
2017-09-15,71.0,83.0,61.0,0.0,0.0,0.0
2017-09-22,80.0,95.0,68.0,0.0,0.0,0.0
2017-09-29,63.0,67.0,55.0,0.0,0.0,0.0
2017-10-06,61.0,68.0,56.0,0.06,0.0,0.0
2017-10-13,60.0,67.0,58.0,0.42,0.0,0.0
2017-10-20,62.0,80.0,52.0,0.0,0.0,0.0
2017-10-27,46.0,55.0,38.0,0.0,0.0,0.0
2017-11-03,43.0,48.0,36.0,0.0,0.0,0.0
2017-11-10,22.0,32.0,16.0,0.01,0.2,0.0
2017-11-17,38.0,44.0,36.0,0.27,0.0,0.0
2017-11-24,46.0,65.0,35.0,0.0,0.0,0.0
2017-12-01,42.0,52.0,28.0,0.0,0.0,0.0
2017-12-08,24.0,34.0,19.0,0.0,0.0,0.0
2017-12-15,25.0,32.0,22.0,0.01,0.3,1.2
2017-12-22,36.0,37.0,31.0,0.02,0.1,0.0
2017-12-29,12.0,15.0,7.0,0.02,0.3,1.2
2018-01-05,5.0,12.0,0.0,0.0,0.0,1.2
2018-01-12,22.0,25.0,11.0,0.0,0.0,0.0
2018-01-19,33.0,43.0,28.0,0.0,0.0,3.1
2018-01-26,38.0,49.0,27.0,0.0,0.0,1.2
2018-02-02,9.0,20.0,4.0,0.0,0.0,0.0
2018-02-09,20.0,24.0,13.0,0.25,4.8,7.1
2018-02-16,34.0,35.0,19.0,0.0,0.0,0.0
2018-02-23,38.0,42.0,33.0,0.07,0.0,0.0
2018-03-02,36.0,46.0,28.0,0.0,0.0,0.0
2018-03-09,31.0,37.0,26.0,0.0,0.0,0.0
2018-03-16,30.0,34.0,23.0,0.0,0.0,0.0
2018-03-23,33.0,40.0,25.0,0.0,0.0,0.0
2018-03-30,36.0,42.0,33.0,0.0,0.0,0.0
2018-04-06,34.0,37.0,24.0,0.0,0.2,0.0
2018-04-13,38.0,40.0,37.0,0.26,0.0,0.0
2018-04-20,44.0,53.0,30.0,0.0,0.0,1.2
2018-04-27,47.0,52.0,39.0,0.19,0.0,0.0
2018-05-04,58.0,76.0,49.0,0.0,0.0,0.0
2018-05-11,42.0,42.0,38.0,1.37,0.0,0.0
2018-05-18,52.0,59.0,46.0,0.11,0.0,0.0
2018-05-25,76.0,88.0,65.0,0.0,0.0,0.0
2018-06-01,63.0,73.0,50.0,0.0,0.0,0.0
2018-06-08,59.0,64.0,55.0,0.06,0.0,0.0
2018-06-15,65.0,75.0,57.0,0.51,0.0,0.0
2018-06-22,60.0,65.0,58.0,0.03,0.0,0.0
2018-06-29,80.0,95.0,67.0,0.0,0.0,0.0
2018-07-06,72.0,72.0,60.0,0.0,0.0,0.0
2018-07-13,82.0,92.0,73.0,0.03,0.0,0.0
2018-07-20,73.0,77.0,68.0,1.98,0.0,0.0
2018-07-27,69.0,77.0,62.0,0.0,0.0,0.0
2018-08-03,71.0,76.0,65.0,0.0,0.0,0.0
2018-08-10,73.0,79.0,65.0,0.0,0.0,0.0
2018-08-17,75.0,79.0,71.0,0.05,0.0,0.0
2018-08-24,68.0,70.0,64.0,0.02,0.0,0.0
2018-08-31,67.0,78.0,57.0,0.0,0.0,0.0
2018-09-07,64.0,69.0,58.0,0.0,0.0,0.0
2018-09-14,69.0,81.0,60.0,0.0,0.0,0.0
2018-09-21,74.0,82.0,51.0,0.0,0.0,0.0
2018-09-28,58.0,61.0,46.0,0.0,0.0,0.0
2018-10-05,55.0,62.0,54.0,0.47,0.0,0.0
2018-10-12,42.0,45.0,35.0,0.0,0.0,0.0
2018-10-19,51.0,58.0,46.0,0.01,0.0,0.0
2018-10-26,48.0,50.0,46.0,0.0,0.0,0.0
2018-11-02,43.0,48.0,37.0,0.0,0.0,0.0
2018-11-09,33.0,37.0,21.0,0.24,3.1,2.0
2018-11-16,34.0,40.0,30.0,0.07,0.6,1.2
2018-11-23,40.0,48.0,35.0,0.0,0.0,0.0
2018-11-30,33.0,37.0,25.0,0.0,0.0,1.2
2018-12-07,20.0,24.0,16.0,0.0,0.0,0.0
2018-12-14,38.0,44.0,26.0,0.0,0.0,0.0
2018-12-21,35.0,38.0,29.0,0.0,0.0,0.0
2018-12-28,43.0,52.0,28.0,0.08,0.4,0.0
2019-01-04,40.0,50.0,29.0,0.0,0.0,0.0
2019-01-11,26.0,33.0,23.0,0.0,0.0,0.0
2019-01-18,28.0,31.0,22.0,0.23,2.0,0.0
2019-01-25,4.0,4.0,-4.0,0.0,0.0,7.1
2019-02-01,6.0,18.0,-2.0,0.0,0.2,11.8
2019-02-08,12.0,14.0,5.0,0.0,0.0,0.0
2019-02-15,22.0,28.0,8.0,0.0,0.0,5.1
2019-02-22,26.0,35.0,17.0,0.0,0.0,5.9
2019-03-01,24.0,30.0,21.0,0.0,0.0,3.9
2019-03-08,24.0,34.0,16.0,0.0,0.0,3.9
2019-03-15,39.0,41.0,35.0,0.0,0.0,0.0
2019-03-22,40.0,42.0,28.0,0.0,0.0,0.0
2019-03-29,42.0,46.0,36.0,0.06,0.0,0.0
2019-04-05,42.0,51.0,37.0,0.0,0.0,0.0
2019-04-12,43.0,47.0,38.0,0.02,0.0,0.0
2019-04-19,44.0,47.0,40.0,0.0,0.0,0.0
2019-04-26,55.0,62.0,40.0,0.0,0.0,0.0
2019-05-03,44.0,51.0,39.0,0.0,0.0,0.0
2019-05-10,47.0,52.0,39.0,0.0,0.0,0.0
2019-05-17,53.0,51.0,43.0,0.13,0.0,0.0
2019-05-24,58.0,62.0,51.0,0.53,0.0,0.0
2019-05-31,69.0,85.0,51.0,0.0,0.0,0.0
2019-06-07,60.0,71.0,53.0,0.0,0.0,0.0
2019-06-14,66.0,80.0,52.0,0.0,0.0,0.0
2019-06-21,61.0,67.0,52.0,0.0,0.0,0.0
2019-06-28,71.0,80.0,67.0,0.36,0.0,0.0
2019-07-05,81.0,92.0,72.0,0.01,0.0,0.0
2019-07-12,69.0,87.0,58.0,0.0,0.0,0.0
2019-07-19,84.0,93.0,73.0,0.03,0.0,0.0
2019-07-26,74.0,83.0,67.0,0.0,0.0,0.0
2019-08-02,69.0,80.0,58.0,0.0,0.0,0.0
2019-08-09,72.0,81.0,63.0,0.0,0.0,0.0
2019-08-16,70.0,82.0,62.0,0.0,0.0,0.0
2019-08-23,68.0,73.0,64.0,0.0,0.0,0.0
2019-08-30,69.0,73.0,57.0,0.0,0.0,0.0
2019-09-06,67.0,71.0,57.0,0.0,0.0,0.0
2019-09-13,71.0,78.0,61.0,0.89,0.0,0.0
2019-09-20,72.0,79.0,64.0,0.0,0.0,0.0
2019-09-27,64.0,67.0,60.0,0.3,0.0,0.0
2019-10-04,52.0,57.0,48.0,0.0,0.0,0.0
2019-10-11,58.0,66.0,40.0,0.79,0.0,0.0
2019-10-18,45.0,55.0,35.0,0.0,0.0,0.0
2019-10-25,43.0,50.0,34.0,0.0,0.0,0.0
2019-11-01,30.0,40.0,21.0,0.03,0.1,3.9
2019-11-08,22.0,30.0,15.0,0.0,0.0,1.2
2019-11-15,28.0,42.0,20.0,0.0,0.0,2.0
2019-11-22,34.0,37.0,27.0,0.0,0.0,0.0
2019-11-29,35.0,38.0,33.0,0.0,0.0,0.0
2019-12-06,37.0,41.0,25.0,0.0,0.0,0.0
2019-12-13,37.0,40.0,30.0,0.0,0.0,0.0
2019-12-20,34.0,41.0,30.0,0.0,0.0,0.0
2019-12-27,37.0,38.0,26.0,0.0,0.0,0.0
2020-01-03,37.0,40.0,33.0,0.0,0.0,0.0
2020-01-10,43.0,49.0,35.0,0.47,0.0,0.0
2020-01-17,17.0,32.0,9.0,0.27,4.3,0.0
2020-01-24,36.0,37.0,33.0,0.37,0.8,5.1
2020-01-31,33.0,35.0,30.0,0.0,0.0,2.0
2020-02-07,29.0,38.0,24.0,0.0,0.0,0.0
2020-02-14,5.0,14.0,-3.0,0.0,0.0,3.1
2020-02-21,19.0,35.0,10.0,0.0,0.0,2.0
2020-02-28,21.0,28.0,14.0,0.0,0.0,0.0
2020-03-06,35.0,38.0,23.0,0.0,0.0,0.0
2020-03-13,43.0,49.0,35.0,0.0,0.0,0.0
2020-03-20,40.0,44.0,29.0,0.3,0.0,0.0
2020-03-27,38.0,42.0,35.0,0.52,0.0,0.0
2020-04-03,46.0,57.0,40.0,0.01,0.0,0.0
2020-04-10,39.0,48.0,33.0,0.0,0.0,0.0
2020-04-17,40.0,44.0,36.0,0.0,0.0,0.0
2020-04-24,41.0,46.0,38.0,0.0,0.0,0.0
2020-05-01,48.0,63.0,34.0,0.0,0.0,0.0
2020-05-08,39.0,41.0,32.0,0.0,0.0,0.0
2020-05-15,66.0,77.0,47.0,0.22,0.0,0.0
2020-05-22,57.0,65.0,51.0,0.0,0.0,0.0
2020-05-29,65.0,71.0,59.0,0.04,0.0,0.0
2020-06-05,71.0,86.0,64.0,0.02,0.0,0.0
2020-06-12,59.0,65.0,51.0,0.0,0.0,0.0
2020-06-19,76.0,88.0,62.0,0.0,0.0,0.0
2020-06-26,71.0,78.0,63.0,0.37,0.0,0.0
2020-07-03,79.0,88.0,68.0,0.0,0.0,0.0
2020-07-10,76.0,85.0,71.0,0.09,0.0,0.0
2020-07-17,77.0,89.0,68.0,0.0,0.0,0.0
2020-07-24,72.0,80.0,64.0,0.0,0.0,0.0
2020-07-31,72.0,77.0,65.0,0.0,0.0,0.0
2020-08-07,69.0,78.0,59.0,0.0,0.0,0.0
2020-08-14,75.0,83.0,67.0,0.0,0.0,0.0
2020-08-21,77.0,85.0,65.0,0.0,0.0,0.0
2020-08-28,76.0,85.0,72.0,0.56,0.0,0.0
2020-09-04,67.0,78.0,55.0,0.0,0.0,0.0
2020-09-11,59.0,67.0,57.0,0.27,0.0,0.0
2020-09-18,57.0,59.0,47.0,0.0,0.0,0.0
2020-09-25,69.0,79.0,60.0,0.0,0.0,0.0
2020-10-02,47.0,52.0,38.0,0.0,0.0,0.0
2020-10-09,61.0,82.0,52.0,0.0,0.0,0.0
2020-10-16,45.0,54.0,36.0,0.01,0.0,0.0
2020-10-23,47.0,50.0,36.0,0.63,0.0,0.0
2020-10-30,36.0,42.0,26.0,0.0,0.0,0.0
2020-11-06,61.0,74.0,49.0,0.0,0.0,0.0
2020-11-13,38.0,47.0,29.0,0.01,0.0,0.0
2020-11-20,55.0,58.0,38.0,0.0,0.0,0.0
2020-11-27,42.0,45.0,32.0,0.0,0.0,0.0
2020-12-04,38.0,44.0,31.0,0.0,0.0,0.0
2020-12-11,40.0,44.0,35.0,0.92,0.0,0.0
2020-12-18,29.0,36.0,19.0,0.0,0.0,0.0
2020-12-25,14.0,22.0,10.0,0.0,0.0,0.0
2021-01-01,24.0,34.0,18.0,0.42,2.6,3.1
2021-01-08,33.0,35.0,30.0,0.0,0.0,3.9
2021-01-15,36.0,39.0,34.0,0.02,0.3,2.0
2021-01-22,20.0,25.0,11.0,0.0,0.0,1.2
2021-01-29,20.0,33.0,10.0,0.0,0.0,7.9
2021-02-05,19.0,25.0,7.0,0.0,0.0,15.0
2021-02-12,11.0,14.0,5.0,0.04,1.2,15.0
2021-02-19,18.0,24.0,12.0,0.0,0.0,20.1
2021-02-26,32.0,40.0,23.0,0.0,0.0,13.0
2021-03-05,32.0,44.0,23.0,0.0,0.0,3.1
2021-03-12,44.0,51.0,30.0,0.0,0.0,0.0
2021-03-19,38.0,43.0,28.0,0.0,0.0,0.0
2021-03-26,37.0,42.0,33.0,0.02,0.0,0.0
2021-04-02,36.0,48.0,27.0,0.0,0.0,0.0
2021-04-09,53.0,60.0,48.0,0.01,0.0,0.0
2021-04-16,44.0,48.0,36.0,0.0,0.0,0.0
2021-04-23,53.0,62.0,47.0,0.0,0.0,0.0
2021-04-30,50.0,54.0,40.0,0.0,0.0,0.0
2021-05-07,48.0,55.0,40.0,0.0,0.0,0.0
2021-05-14,61.0,70.0,49.0,0.0,0.0,0.0
2021-05-21,75.0,86.0,69.0,0.01,0.0,0.0
2021-05-28,46.0,49.0,44.0,0.1,0.0,0.0
2021-06-04,78.0,93.0,68.0,0.0,0.0,0.0
2021-06-11,77.0,88.0,65.0,0.04,0.0,0.0
2021-06-18,79.0,93.0,67.0,0.74,0.0,0.0
2021-06-25,71.0,80.0,64.0,0.0,0.0,0.0
2021-07-02,64.0,71.0,56.0,0.0,0.0,0.0
2021-07-09,66.0,75.0,54.0,0.0,0.0,0.0
2021-07-16,68.0,73.0,62.0,0.0,0.0,0.0
2021-07-23,80.0,90.0,73.0,0.0,0.0,0.0
2021-07-30,69.0,72.0,61.0,0.0,0.0,0.0
2021-08-06,78.0,88.0,66.0,0.72,0.0,0.0
2021-08-13,78.0,84.0,67.0,0.0,0.0,0.0
2021-08-20,77.0,84.0,69.0,0.0,0.0,0.0
2021-08-27,77.0,85.0,74.0,0.0,0.0,0.0
2021-09-03,69.0,74.0,61.0,0.01,0.0,0.0
2021-09-10,68.0,81.0,57.0,0.0,0.0,0.0
2021-09-17,73.0,89.0,62.0,0.0,0.0,0.0
2021-09-24,66.0,80.0,55.0,0.12,0.0,0.0
2021-10-01,66.0,80.0,56.0,0.0,0.0,0.0
2021-10-08,66.0,75.0,60.0,0.15,0.0,0.0
2021-10-15,56.0,60.0,50.0,0.0,0.0,0.0
2021-10-22,46.0,54.0,40.0,0.0,0.0,0.0
2021-10-29,55.0,57.0,54.0,0.51,0.0,0.0
2021-11-05,43.0,54.0,35.0,0.0,0.0,0.0
2021-11-12,40.0,42.0,35.0,0.08,0.0,0.0
2021-11-19,33.0,39.0,27.0,0.0,0.0,0.0
2021-11-26,24.0,30.0,18.0,0.0,0.0,0.0
2021-12-03,42.0,45.0,36.0,0.18,0.0,0.0
2021-12-10,38.0,45.0,32.0,1.03,0.0,0.0
2021-12-17,31.0,36.0,25.0,0.0,0.0,0.0
2021-12-24,36.0,49.0,23.0,0.03,0.0,0.0
2021-12-31,35.0,38.0,32.0,0.04,0.0,0.0
